2025 4
2026 290
2028 42
2029 758
2031 68
2032 1160
2034 94
2035 1518
2037 120
2038 1832
2040 146
2041 2102
2043 172
2044 2328
2046 198
2047 2510
2049 224
2050 2648
2052 250
2053 2742
2056 2786
2058 309
2059 537
2061 2817
2062 3045
2065 332
2066 560
2068 2840
2069 3068
2072 355
2073 583
2075 2863
2076 3091
2079 378
2080 606
2082 2886
2083 3114
2086 401
2087 629
2089 2909
2090 3137
2093 424
2094 652
2096 2932
2097 3160
2100 447
2101 675
2103 2955
2104 3183
2107 470
2108 698
2110 2978
2111 3206
2114 493
2115 721
2117 3001
2118 3229
2128 775
2129 962
2131 3283
2132 3470
2135 796
2136 985
2138 3304
2139 3493
2142 817
2143 1008
2145 3325
2146 3516
2149 838
2150 1031
2152 3346
2153 3539
2156 859
2157 1054
2159 3367
2160 3562
2163 880
2164 1077
2166 3388
2167 3585
2170 901
2171 1100
2173 3409
2174 3608
2177 922
2178 1123
2180 3430
2181 3631
2191 1177
2192 1343
2194 3685
2195 3851
2198 1198
2199 1366
2201 3706
2202 3874
2205 1219
2206 1389
2208 3727
2209 3897
2212 1240
2213 1412
2215 3748
2216 3920
2219 1261
2220 1435
2222 3769
2223 3943
2226 1282
2227 1458
2229 3790
2230 3966
2233 1303
2234 1481
2236 3811
2237 3989
2247 1535
2248 1680
2250 4043
2251 4188
2254 1556
2255 1703
2257 4064
2258 4211
2261 1577
2262 1726
2264 4085
2265 4234
2268 1598
2269 1749
2271 4106
2272 4257
2275 1619
2276 1772
2278 4127
2279 4280
2282 1640
2283 1795
2285 4148
2286 4303
2296 1849
2297 1973
2299 4357
2300 4481
2303 1870
2304 1996
2306 4378
2307 4504
2310 1891
2311 2019
2313 4399
2314 4527
2317 1912
2318 2042
2320 4420
2321 4550
2324 1933
2325 2065
2327 4441
2328 4573
2338 2119
2339 2222
2341 4627
2342 4730
2345 2140
2346 2245
2348 4648
2349 4753
2352 2161
2353 2268
2355 4669
2356 4776
2359 2182
2360 2291
2362 4690
2363 4799
2373 2345
2374 2427
2376 4853
2377 4935
2380 2366
2381 2450
2383 4874
2384 4958
2387 2387
2388 2473
2390 4895
2391 4981
2401 2527
2402 2588
2404 5035
2405 5096
2408 2548
2409 2611
2411 5056
2412 5119
2422 2665
2423 2705
2425 5173
2426 5213
2443 5314
2444 7613
2446 5340
2447 8052
2449 5366
2450 8443
2452 5392
2453 8786
2455 5418
2456 9081
2458 5444
2459 9328
2461 5470
2462 9527
2464 5496
2465 9678
2467 5522
2468 9781
2471 9830
2473 5580
2474 5767
2476 7631
2477 7836
2480 5601
2481 5790
2483 7654
2484 7861
2487 5622
2488 5813
2490 7677
2491 7886
2494 5643
2495 5836
2497 7700
2498 7911
2501 5664
2502 5859
2504 7723
2505 7936
2508 5685
2509 5882
2511 7746
2512 7961
2515 5706
2516 5905
2518 7769
2519 7986
2522 5727
2523 5928
2525 7792
2526 8011
2536 5983
2537 6149
2539 8070
2540 8252
2543 6004
2544 6172
2546 8093
2547 8277
2550 6025
2551 6195
2553 8116
2554 8302
2557 6046
2558 6218
2560 8139
2561 8327
2564 6067
2565 6241
2567 8162
2568 8352
2571 6088
2572 6264
2574 8185
2575 8377
2578 6109
2579 6287
2581 8208
2582 8402
2592 6342
2593 6487
2595 8461
2596 8620
2599 6363
2600 6510
2602 8484
2603 8645
2606 6384
2607 6533
2609 8507
2610 8670
2613 6405
2614 6556
2616 8530
2617 8695
2620 6426
2621 6579
2623 8553
2624 8720
2627 6447
2628 6602
2630 8576
2631 8745
2641 6657
2642 6781
2644 8804
2645 8940
2648 6678
2649 6804
2651 8827
2652 8965
2655 6699
2656 6827
2658 8850
2659 8990
2662 6720
2663 6850
2665 8873
2666 9015
2669 6741
2670 6873
2672 8896
2673 9040
2683 6928
2684 7031
2686 9099
2687 9212
2690 6949
2691 7054
2693 9122
2694 9237
2697 6970
2698 7077
2700 9145
2701 9262
2704 6991
2705 7100
2707 9168
2708 9287
2718 7155
2719 7237
2721 9346
2722 9436
2725 7176
2726 7260
2728 9369
2729 9461
2732 7197
2733 7283
2735 9392
2736 9486
2746 7338
2747 7399
2749 9545
2750 9612
2753 7359
2754 7422
2756 9568
2757 9637
2767 7477
2768 7517
2770 9696
2771 9740
2788 9850
2789 11720
2791 9876
2792 12111
2794 9902
2795 12454
2797 9928
2798 12749
2800 9954
2801 12996
2803 9980
2804 13195
2806 10006
2807 13346
2809 10032
2810 13449
2813 13498
2815 10090
2816 10256
2818 11738
2819 11920
2822 10111
2823 10279
2825 11761
2826 11945
2829 10132
2830 10302
2832 11784
2833 11970
2836 10153
2837 10325
2839 11807
2840 11995
2843 10174
2844 10348
2846 11830
2847 12020
2850 10195
2851 10371
2853 11853
2854 12045
2857 10216
2858 10394
2860 11876
2861 12070
2871 10449
2872 10594
2874 12129
2875 12288
2878 10470
2879 10617
2881 12152
2882 12313
2885 10491
2886 10640
2888 12175
2889 12338
2892 10512
2893 10663
2895 12198
2896 12363
2899 10533
2900 10686
2902 12221
2903 12388
2906 10554
2907 10709
2909 12244
2910 12413
2920 10764
2921 10888
2923 12472
2924 12608
2927 10785
2928 10911
2930 12495
2931 12633
2934 10806
2935 10934
2937 12518
2938 12658
2941 10827
2942 10957
2944 12541
2945 12683
2948 10848
2949 10980
2951 12564
2952 12708
2962 11035
2963 11138
2965 12767
2966 12880
2969 11056
2970 11161
2972 12790
2973 12905
2976 11077
2977 11184
2979 12813
2980 12930
2983 11098
2984 11207
2986 12836
2987 12955
2997 11262
2998 11344
3000 13014
3001 13104
3004 11283
3005 11367
3007 13037
3008 13129
3011 11304
3012 11390
3014 13060
3015 13154
3025 11445
3026 11506
3028 13213
3029 13280
3032 11466
3033 11529
3035 13236
3036 13305
3046 11584
3047 11624
3049 13364
3050 13408
3067 13518
3068 15003
3070 13544
3071 15346
3073 13570
3074 15641
3076 13596
3077 15888
3079 13622
3080 16087
3082 13648
3083 16238
3085 13674
3086 16341
3089 16390
3091 13732
3092 13877
3094 15021
3095 15180
3098 13753
3099 13900
3101 15044
3102 15205
3105 13774
3106 13923
3108 15067
3109 15230
3112 13795
3113 13946
3115 15090
3116 15255
3119 13816
3120 13969
3122 15113
3123 15280
3126 13837
3127 13992
3129 15136
3130 15305
3140 14047
3141 14171
3143 15364
3144 15500
3147 14068
3148 14194
3150 15387
3151 15525
3154 14089
3155 14217
3157 15410
3158 15550
3161 14110
3162 14240
3164 15433
3165 15575
3168 14131
3169 14263
3171 15456
3172 15600
3182 14318
3183 14421
3185 15659
3186 15772
3189 14339
3190 14444
3192 15682
3193 15797
3196 14360
3197 14467
3199 15705
3200 15822
3203 14381
3204 14490
3206 15728
3207 15847
3217 14545
3218 14627
3220 15906
3221 15996
3224 14566
3225 14650
3227 15929
3228 16021
3231 14587
3232 14673
3234 15952
3235 16046
3245 14728
3246 14789
3248 16105
3249 16172
3252 14749
3253 14812
3255 16128
3256 16197
3266 14867
3267 14907
3269 16256
3270 16300
3287 16410
3288 17554
3290 16436
3291 17849
3293 16462
3294 18096
3296 16488
3297 18295
3299 16514
3300 18446
3302 16540
3303 18549
3306 18598
3308 16598
3309 16722
3311 17572
3312 17708
3315 16619
3316 16745
3318 17595
3319 17733
3322 16640
3323 16768
3325 17618
3326 17758
3329 16661
3330 16791
3332 17641
3333 17783
3336 16682
3337 16814
3339 17664
3340 17808
3350 16869
3351 16972
3353 17867
3354 17980
3357 16890
3358 16995
3360 17890
3361 18005
3364 16911
3365 17018
3367 17913
3368 18030
3371 16932
3372 17041
3374 17936
3375 18055
3385 17096
3386 17178
3388 18114
3389 18204
3392 17117
3393 17201
3395 18137
3396 18229
3399 17138
3400 17224
3402 18160
3403 18254
3413 17279
3414 17340
3416 18313
3417 18380
3420 17300
3421 17363
3423 18336
3424 18405
3434 17418
3435 17458
3437 18464
3438 18508
3455 18618
3456 19465
3458 18644
3459 19712
3461 18670
3462 19911
3464 18696
3465 20062
3467 18722
3468 20165
3471 20214
3473 18780
3474 18883
3476 19483
3477 19596
3480 18801
3481 18906
3483 19506
3484 19621
3487 18822
3488 18929
3490 19529
3491 19646
3494 18843
3495 18952
3497 19552
3498 19671
3508 19007
3509 19089
3511 19730
3512 19820
3515 19028
3516 19112
3518 19753
3519 19845
3522 19049
3523 19135
3525 19776
3526 19870
3536 19190
3537 19251
3539 19929
3540 19996
3543 19211
3544 19274
3546 19952
3547 20021
3557 19329
3558 19369
3560 20080
3561 20124
3578 20234
3579 20828
3581 20260
3582 21027
3584 20286
3585 21178
3587 20312
3588 21281
3591 21330
3593 20370
3594 20452
3596 20846
3597 20936
3600 20391
3601 20475
3603 20869
3604 20961
3607 20412
3608 20498
3610 20892
3611 20986
3621 20553
3622 20614
3624 21045
3625 21112
3628 20574
3629 20637
3631 21068
3632 21137
3642 20692
3643 20732
3645 21196
3646 21240
3663 21350
3664 21735
3666 21376
3667 21886
3669 21402
3670 21989
3673 22038
3675 21460
3676 21521
3678 21753
3679 21820
3682 21481
3683 21544
3685 21776
3686 21845
3696 21599
3697 21639
3699 21904
3700 21948
3717 22058
3718 22278
3720 22084
3721 22381
3724 22430
3726 22142
3727 22182
3729 22296
3730 22340
3747 22450
3748 22545
3751 22531
3763 22649
3770 22667
3777 22685
3784 22703
3791 22721
3868 25723
3875 25737
3882 25751
3889 25765
3938 27721
3945 27735
3952 27749
3980 28885
3987 28899
4001 29439
4010 29624
4017 29648
4032 30168
4047 29788
4049 29934
4054 30414
4055 30411
4056 29943
4057 29966
4061 30423
4062 30421
4063 29680
4066 30266
4071 30435
4072 30431
4073 29706
4076 30275
4080 30448
4081 30445
4082 29732
4087 30206
4092 30466
4093 30458
4094 29762
4099 30236
4104 30486
4105 30478
4106 30353
4107 30356
4108 30460
4109 30480
4110 30360
4111 30363
4112 30462
4113 30482
4138 30384
4143 30368
4153 30331
4158 30383
4159 30440
4160 30369
4161 30471
4162 28879
4163 25717
4164 29605
4165 30290
4168 29433
4169 30278
4172 27715
4173 25715
4174 30183
4177 30170
4180 29635
4181 22641
4182 29659
4183 29902
4186 29647
4187 29870
4190 29623
4191 22639
4192 29846
4195 29814
4198 30332
4199 30474
4200 23026
4202 23516
4204 23894
4206 24160
4208 24324
4215 29670
4217 29858
4224 30726
4226 30724
4227 30729
4228 30722
4229 30720
4231 29828
4232 30718
4234 29744
4238 29916
4242 29884
4252 30715
4257 30754
4258 30736
4259 30763
4260 30731
4261 24328
4262 24341
4263 24354
4264 24367
4265 24380
4271 29678
4273 29868
4280 30818
4282 30816
4283 30821
4284 30814
4285 30812
4287 29842
4288 30810
4290 29758
4294 29930
4298 29898
4308 30807
4313 30846
4314 30828
4315 30855
4316 30823
4317 22756
4323 26016
4325 26394
4327 26660
4329 26824
4338 30075
4345 30925
4347 30923
4348 30928
4349 30921
4350 30919
4352 30045
4353 30917
4355 30897
4359 30133
4363 30101
4373 30914
4378 30954
4379 30935
4380 30963
4381 30930
4382 22782
4388 26828
4389 26841
4390 26854
4391 26867
4399 30085
4406 31034
4408 31032
4409 31037
4410 31030
4411 31028
4413 30059
4414 31026
4416 31010
4420 30147
4424 30115
4434 31023
4439 31063
4440 31044
4441 31072
4442 31039
4443 22808
4451 25798
4456 27948
4458 28214
4460 28378
4469 30194
4476 31160
4478 31158
4479 31163
4480 31156
4481 31154
4483 31136
4484 31152
4486 31123
4490 30248
4494 30218
4504 31149
4509 31189
4510 31170
4511 31198
4512 31165
4513 22834
4521 25824
4526 28382
4527 28395
4528 28408
4536 30204
4543 31288
4545 31286
4546 31291
4547 31284
4548 31282
4550 31267
4551 31280
4553 31254
4557 30262
4561 30232
4571 31277
4576 31317
4577 31298
4578 31326
4579 31293
4580 22860
4590 25850
4597 27782
4601 29046
4603 29210
4619 31435
4621 31433
4622 31438
4623 31431
4624 31429
4626 31407
4627 31427
4629 31388
4633 30303
4637 31415
4647 31424
4652 31465
4653 31445
4654 31474
4655 31440
4656 22886
4666 25876
4673 27808
4677 29214
4678 29227
4693 31584
4695 31582
4696 31587
4697 31580
4698 31578
4700 31558
4701 31576
4703 31539
4707 30317
4711 31566
4721 31573
4726 31614
4727 31594
4728 31623
4729 31589
4730 22912
4742 25902
4751 27834
4757 28932
4760 29544
4776 31756
4778 31754
4779 31759
4780 31752
4781 31750
4783 31719
4784 31748
4786 31694
4790 31740
4794 31733
4804 31745
4809 31786
4810 31766
4811 31795
4812 31761
4813 22938
4825 25928
4834 27860
4840 28958
4843 29548
4858 31930
4860 31928
4861 31933
4862 31926
4863 31924
4865 31894
4866 31922
4868 31869
4872 31915
4876 31908
4886 31919
4891 31960
4892 31940
4893 31969
4894 31935
4895 22964
4909 25954
4920 27886
4928 28984
4933 29472
4949 32137
4951 32135
4952 32140
4953 32133
4954 32131
4956 32084
4957 32129
4959 32051
4963 32121
4967 32106
4977 32126
4982 32169
4983 32147
4984 32178
4985 32142
4986 23000
5000 25990
5011 27922
5019 29020
5024 29508
5040 32346
5042 32344
5043 32349
5044 32342
5045 32340
5047 32293
5048 32338
5050 32260
5054 32330
5058 32315
5068 32335
5073 32378
5074 32356
5075 32387
5076 32351
5077 29664
5085 29736
5086 29667
5094 29741
5095 31112
5103 29820
5104 31243
5112 29825
5113 31371
5121 29876
5122 31522
5130 29881
5131 31671
5139 29908
5140 31846
5148 29913
5149 32020
5157 32044
5158 32229
5166 32253
5167 29672
5175 29750
5176 29675
5184 29755
5185 31114
5193 29834
5194 31245
5202 29839
5203 31373
5211 29890
5212 31524
5220 29895
5221 31673
5229 29922
5230 31848
5238 29927
5239 32022
5247 32048
5248 32231
5256 32257
5266 30037
5276 30042
5286 30093
5296 30098
5306 30125
5316 30130
5326 32077
5336 32286
5346 30051
5356 30056
5366 30107
5376 30112
5386 30139
5396 30144
5406 32081
5416 32290
5427 30210
5438 30215
5449 30240
5460 30245
5471 32099
5482 32308
5493 30224
5504 30229
5515 30254
5526 30259
5537 32103
5548 32312
5560 30295
5572 30300
5584 32114
5596 32323
5608 30309
5620 30314
5632 32118
5644 32327
5657 33323
5670 33348
5683 33373
5696 33398
5734 30399
5814 30405
5854 30391
5859 30398
5860 30974
5861 31337
5862 31209
5863 31634
5864 31485
5865 31980
5866 31806
5867 32398
5868 32189
5869 30837
5903 32581
5937 32568
5968 32607
5994 32594
6002 30841
6014 32633
6032 32620
6041 32659
6043 32685
6047 32672
6051 32646
6059 30745
6060 31054
6062 31308
6066 31180
6073 31604
6077 31455
6084 31950
6088 31776
6093 32451
6095 32366
6099 32157
6103 30945
6127 32438
6158 32477
6184 32464
6192 30749
6204 32503
6222 32490
6231 32529
6233 32555
6237 32542
6241 32516
6249 31340
6250 31212
6251 31637
6252 31488
6253 31983
6254 31809
6255 32401
6256 32192
6280 32834
6306 32819
6314 31058
6326 32864
6344 32849
6353 32894
6355 32924
6359 32909
6363 32879
6394 32714
6420 32699
6428 30949
6440 32744
6458 32729
6467 32774
6469 32804
6473 32789
6477 32759
6485 30404
6486 31491
6487 31986
6488 31812
6489 32404
6490 32195
6491 31312
6503 33067
6521 33049
6530 33103
6532 33139
6536 33121
6540 33085
6548 31184
6549 31609
6551 31955
6555 31781
6560 32959
6562 32371
6566 32162
6570 31460
6578 32941
6587 32995
6589 33031
6593 33013
6597 32977
6605 31989
6606 31815
6607 32407
6608 32198
6610 33264
6612 33306
6616 33285
6620 33243
6629 33180
6631 33222
6632 33405
6635 33201
6636 33380
6639 33159
6641 33355
6644 33330
6647 30390
6648 32166
6684 22744
6686 23270
6688 23704
6690 24026
6692 24236
6714 35179
6716 35171
6717 35182
6718 35163
6719 35161
6721 35168
6722 35159
6724 35165
6728 35176
6732 35173
6737 35238
6742 35247
6754 35194
6759 35217
6764 35189
6769 35226
6774 35184
6775 35240
6777 35249
6779 35044
6790 23238
6791 35042
6802 22980
6815 23672
6828 23468
6842 23994
6856 23846
6871 24204
6886 24112
6902 24304
6918 24266
6934 35204
6969 35325
6970 35343
7001 35362
7002 35382
7008 35209
7023 35404
7024 35427
7035 35452
7036 35478
7037 35506
7038 35214
7074 22754
7076 23280
7078 23714
7080 24036
7082 24246
7104 35828
7106 35820
7107 35831
7108 35812
7109 35810
7111 35817
7112 35808
7114 35814
7118 35825
7122 35822
7127 35887
7132 35896
7144 35843
7149 35866
7154 35838
7159 35875
7164 35833
7165 35889
7167 35898
7169 35693
7180 23255
7181 35691
7192 22997
7205 23689
7218 23485
7232 24011
7246 23863
7261 24221
7276 24129
7292 24321
7308 24283
7324 35853
7359 35974
7360 35992
7391 36011
7392 36031
7398 35858
7413 36053
7414 36076
7425 36101
7426 36127
7427 36155
7428 35863
7476 24660
7478 25093
7480 25414
7482 25623
7504 36506
7506 36498
7507 36509
7508 36490
7509 36488
7511 36495
7512 36486
7514 36492
7518 36503
7522 36500
7527 36565
7532 36574
7544 36521
7549 36544
7554 36516
7559 36553
7564 36511
7565 36567
7567 36576
7569 36371
7580 24628
7581 36369
7592 36366
7605 25061
7618 24858
7632 25382
7646 25235
7661 25591
7676 25500
7692 25691
7708 25653
7724 36531
7759 36653
7760 36671
7791 36690
7792 36710
7798 36536
7813 36732
7814 36755
7825 36780
7826 36806
7827 36834
7828 36541
7876 24670
7878 25103
7880 25424
7882 25633
7904 37194
7906 37186
7907 37197
7908 37178
7909 37176
7911 37183
7912 37174
7914 37180
7918 37191
7922 37188
7927 37253
7932 37262
7944 37209
7949 37232
7954 37204
7959 37241
7964 37199
7965 37255
7967 37264
7969 37059
7980 24645
7981 37057
7992 37054
8005 25078
8018 24875
8032 25399
8046 25252
8061 25608
8076 25517
8092 25708
8108 25670
8124 37219
8159 37341
8160 37359
8191 37378
8192 37398
8198 37224
8213 37420
8214 37443
8225 37468
8226 37494
8227 37522
8228 37229
8229 528
8230 3036
8287 25786
8289 26204
8291 26526
8293 26736
8315 37916
8317 37908
8318 37919
8319 37900
8320 37898
8322 37905
8323 37896
8325 37902
8329 37913
8333 37910
8338 37975
8343 37984
8355 37931
8360 37954
8365 37926
8370 37963
8375 37921
8376 37977
8378 37986
8380 37781
8391 37776
8392 37779
8403 37748
8416 26172
8429 25970
8443 26494
8457 26346
8472 26704
8487 26612
8503 26804
8519 26766
8535 37941
8570 38063
8571 38081
8602 38100
8603 38120
8609 37946
8624 38142
8625 38165
8636 38190
8637 38216
8638 38244
8639 37951
8640 540
8641 3048
8698 25796
8700 26214
8702 26536
8704 26746
8726 38647
8728 38639
8729 38650
8730 38631
8731 38629
8733 38636
8734 38627
8736 38633
8740 38644
8744 38641
8749 38706
8754 38715
8766 38662
8771 38685
8776 38657
8781 38694
8786 38652
8787 38708
8789 38717
8791 38512
8802 38507
8803 38510
8814 38479
8827 26189
8840 25987
8854 26511
8868 26363
8883 26721
8898 26629
8914 26821
8930 26783
8946 38672
8981 38794
8982 38812
9013 38831
9014 38851
9020 38677
9035 38873
9036 38896
9047 38921
9048 38947
9049 38975
9050 38682
9051 551
9052 3059
9054 953
9055 3461
9065 5758
9066 7826
9123 27091
9125 27412
9127 27621
9149 39413
9151 39405
9152 39416
9153 39397
9154 39395
9156 39402
9157 39393
9159 39399
9163 39410
9167 39407
9172 39472
9177 39481
9189 39428
9194 39451
9199 39423
9204 39460
9209 39418
9210 39474
9212 39483
9214 39278
9225 39250
9226 39276
9237 39216
9250 27059
9263 39273
9277 27380
9291 27233
9306 27589
9321 27498
9337 27689
9353 27651
9369 39438
9404 39561
9405 39579
9436 39598
9437 39618
9443 39443
9458 39640
9459 39663
9470 39688
9471 39714
9472 39742
9473 39448
9474 563
9475 3071
9477 965
9478 3473
9488 5770
9489 7839
9546 27101
9548 27422
9550 27631
9572 40187
9574 40179
9575 40190
9576 40171
9577 40169
9579 40176
9580 40167
9582 40173
9586 40184
9590 40181
9595 40246
9600 40255
9612 40202
9617 40225
9622 40197
9627 40234
9632 40192
9633 40248
9635 40257
9637 40052
9648 40024
9649 40050
9660 39990
9673 27076
9686 40047
9700 27397
9714 27250
9729 27606
9744 27515
9760 27706
9776 27668
9792 40212
9827 40335
9828 40353
9859 40372
9860 40392
9866 40217
9881 40414
9882 40437
9893 40462
9894 40488
9895 40516
9896 40222
9897 574
9898 3082
9900 976
9901 3484
9903 1334
9904 3842
9913 5781
9914 7851
9916 6140
9917 8242
9926 10247
9927 11910
9982 27770
9984 28080
9986 28290
10008 41001
10010 40993
10011 41004
10012 40985
10013 40983
10015 40990
10016 40981
10018 40987
10022 40998
10026 40995
10031 41060
10036 41069
10048 41016
10053 41039
10058 41011
10063 41048
10068 41006
10069 41062
10071 41071
10073 40866
10084 40810
10085 40864
10096 40770
10109 40861
10122 40839
10136 28048
10150 27902
10165 28258
10180 28166
10196 28358
10212 28320
10228 41026
10263 41149
10264 41167
10295 41186
10296 41206
10302 41031
10317 41228
10318 41251
10329 41276
10330 41302
10331 41330
10332 41036
10333 586
10334 3094
10336 988
10337 3496
10339 1346
10340 3854
10349 5793
10350 7864
10352 6152
10353 8255
10362 10259
10363 11923
10418 27780
10420 28090
10422 28300
10444 41822
10446 41814
10447 41825
10448 41806
10449 41804
10451 41811
10452 41802
10454 41808
10458 41819
10462 41816
10467 41881
10472 41890
10484 41837
10489 41860
10494 41832
10499 41869
10504 41827
10505 41883
10507 41892
10509 41687
10520 41631
10521 41685
10532 41591
10545 41682
10558 41660
10572 28065
10586 27919
10601 28275
10616 28183
10632 28375
10648 28337
10664 41847
10699 41970
10700 41988
10731 42007
10732 42027
10738 41852
10753 42049
10754 42072
10765 42097
10766 42123
10767 42151
10768 41857
10769 597
10770 3105
10772 999
10773 3507
10775 1357
10776 3865
10778 1671
10779 4179
10787 5804
10788 7876
10790 6163
10791 8267
10793 6478
10794 8610
10802 10270
10803 11935
10805 10585
10806 12278
10814 13868
10815 15170
10870 28576
10872 28785
10894 42684
10896 42676
10897 42687
10898 42668
10899 42666
10901 42673
10902 42664
10904 42670
10908 42681
10912 42678
10917 42743
10922 42752
10934 42699
10939 42722
10944 42694
10949 42731
10954 42689
10955 42745
10957 42754
10959 42549
10970 42464
10971 42547
10982 42418
10995 42527
11008 42499
11022 28544
11036 42544
11051 28753
11066 28662
11082 28853
11098 28815
11114 42709
11149 42833
11150 42851
11181 42870
11182 42890
11188 42714
11203 42912
11204 42935
11215 42960
11216 42986
11217 43014
11218 42719
11219 609
11220 3117
11222 1011
11223 3519
11225 1369
11226 3877
11228 1683
11229 4191
11237 5816
11238 7889
11240 6175
11241 8280
11243 6490
11244 8623
11252 10282
11253 11948
11255 10597
11256 12291
11264 13880
11265 15183
11320 28586
11322 28795
11344 43552
11346 43544
11347 43555
11348 43536
11349 43534
11351 43541
11352 43532
11354 43538
11358 43549
11362 43546
11367 43611
11372 43620
11384 43567
11389 43590
11394 43562
11399 43599
11404 43557
11405 43613
11407 43622
11409 43417
11420 43332
11421 43415
11432 43286
11445 43395
11458 43367
11472 28561
11486 43412
11501 28770
11516 28679
11532 28870
11548 28832
11564 43577
11599 43701
11600 43719
11631 43738
11632 43758
11638 43582
11653 43780
11654 43803
11665 43828
11666 43854
11667 43882
11668 43587
11669 620
11670 3128
11672 1022
11673 3530
11675 1380
11676 3888
11678 1694
11679 4202
11681 1964
11682 4472
11689 5827
11690 7901
11692 6186
11693 8292
11695 6501
11696 8635
11698 6772
11699 8930
11706 10293
11707 11960
11709 10608
11710 12303
11712 10879
11713 12598
11720 13891
11721 15195
11723 14162
11724 15490
11731 16713
11732 17698
11785 28920
11787 29122
11809 44466
11811 44458
11812 44469
11813 44450
11814 44448
11816 44455
11817 44446
11819 44452
11823 44463
11827 44460
11832 44525
11837 44534
11849 44481
11854 44504
11859 44476
11864 44513
11869 44471
11870 44527
11872 44536
11874 44331
11885 44212
11886 44329
11897 44160
11910 44287
11923 44253
11937 44326
11951 44310
11966 29090
11981 29000
11997 29190
12013 29152
12029 44491
12064 44615
12065 44633
12096 44652
12097 44672
12103 44496
12118 44694
12119 44717
12130 44742
12131 44768
12132 44796
12133 44501
12134 632
12135 3140
12137 1034
12138 3542
12140 1392
12141 3900
12143 1706
12144 4214
12146 1976
12147 4484
12154 5839
12155 7914
12157 6198
12158 8305
12160 6513
12161 8648
12163 6784
12164 8943
12171 10305
12172 11973
12174 10620
12175 12316
12177 10891
12178 12611
12185 13903
12186 15208
12188 14174
12189 15503
12196 16725
12197 17711
12250 28930
12252 29132
12274 45385
12276 45377
12277 45388
12278 45369
12279 45367
12281 45374
12282 45365
12284 45371
12288 45382
12292 45379
12297 45444
12302 45453
12314 45400
12319 45423
12324 45395
12329 45432
12334 45390
12335 45446
12337 45455
12339 45250
12350 45131
12351 45248
12362 45079
12375 45206
12388 45172
12402 45245
12416 45229
12431 29107
12446 29017
12462 29207
12478 29169
12494 45410
12529 45534
12530 45552
12561 45571
12562 45591
12568 45415
12583 45613
12584 45636
12595 45661
12596 45687
12597 45715
12598 45420
12599 643
12600 3151
12602 1045
12603 3553
12605 1403
12606 3911
12608 1717
12609 4225
12611 1987
12612 4495
12614 2213
12615 4721
12621 5850
12622 7926
12624 6209
12625 8317
12627 6524
12628 8660
12630 6795
12631 8955
12633 7022
12634 9202
12640 10316
12641 11985
12643 10631
12644 12328
12646 10902
12647 12623
12649 11129
12650 12870
12656 13914
12657 15220
12659 14185
12660 15515
12662 14412
12663 15762
12669 16736
12670 17723
12672 16963
12673 17970
12679 18874
12680 19586
12733 29339
12755 46351
12757 46343
12758 46354
12759 46335
12760 46333
12762 46340
12763 46331
12765 46337
12769 46348
12773 46345
12778 46410
12783 46419
12795 46366
12800 46389
12805 46361
12810 46398
12815 46356
12816 46412
12818 46421
12820 46216
12831 46062
12832 46214
12843 46004
12856 46149
12869 46109
12883 46200
12897 46178
12912 29307
12927 46211
12943 29407
12959 29369
12975 46376
13010 46501
13011 46519
13042 46538
13043 46558
13049 46381
13064 46580
13065 46603
13076 46628
13077 46654
13078 46682
13079 46386
13080 655
13081 3163
13083 1057
13084 3565
13086 1415
13087 3923
13089 1729
13090 4237
13092 1999
13093 4507
13095 2225
13096 4733
13102 5862
13103 7939
13105 6221
13106 8330
13108 6536
13109 8673
13111 6807
13112 8968
13114 7034
13115 9215
13121 10328
13122 11998
13124 10643
13125 12341
13127 10914
13128 12636
13130 11141
13131 12883
13137 13926
13138 15233
13140 14197
13141 15528
13143 14424
13144 15775
13150 16748
13151 17736
13153 16975
13154 17983
13160 18886
13161 19599
13214 29349
13236 47321
13238 47313
13239 47324
13240 47305
13241 47303
13243 47310
13244 47301
13246 47307
13250 47318
13254 47315
13259 47380
13264 47389
13276 47336
13281 47359
13286 47331
13291 47368
13296 47326
13297 47382
13299 47391
13301 47186
13312 47032
13313 47184
13324 46974
13337 47119
13350 47079
13364 47170
13378 47148
13393 29324
13408 47181
13424 29424
13440 29386
13456 47346
13491 47471
13492 47489
13523 47508
13524 47528
13530 47351
13545 47550
13546 47573
13557 47598
13558 47624
13559 47652
13560 47356
13561 666
13562 3174
13564 1068
13565 3576
13567 1426
13568 3934
13570 1740
13571 4248
13573 2010
13574 4518
13576 2236
13577 4744
13579 2418
13580 4926
13585 5873
13586 7951
13588 6232
13589 8342
13591 6547
13592 8685
13594 6818
13595 8980
13597 7045
13598 9227
13600 7228
13601 9426
13606 10339
13607 12010
13609 10654
13610 12353
13612 10925
13613 12648
13615 11152
13616 12895
13618 11335
13619 13094
13624 13937
13625 15245
13627 14208
13628 15540
13630 14435
13631 15787
13633 14618
13634 15986
13639 16759
13640 17748
13642 16986
13643 17995
13645 17169
13646 18194
13651 18897
13652 19611
13654 19080
13655 19810
13660 20443
13661 20926
13712 29460
13734 48343
13736 48335
13737 48346
13738 48327
13739 48325
13741 48332
13742 48323
13744 48329
13748 48340
13752 48337
13757 48402
13762 48411
13774 48358
13779 48381
13784 48353
13789 48390
13794 48348
13795 48404
13797 48413
13799 48208
13810 48014
13811 48206
13822 47950
13835 48113
13848 48067
13862 48176
13876 48148
13891 48203
13906 48193
13922 29524
13938 29488
13954 48368
13989 48493
13990 48511
14021 48530
14022 48550
14028 48373
14043 48572
14044 48595
14055 48620
14056 48646
14057 48674
14058 48378
14059 678
14060 3186
14062 1080
14063 3588
14065 1438
14066 3946
14068 1752
14069 4260
14071 2022
14072 4530
14074 2248
14075 4756
14077 2430
14078 4938
14083 5885
14084 7964
14086 6244
14087 8355
14089 6559
14090 8698
14092 6830
14093 8993
14095 7057
14096 9240
14098 7240
14099 9439
14104 10351
14105 12023
14107 10666
14108 12366
14110 10937
14111 12661
14113 11164
14114 12908
14116 11347
14117 13107
14122 13949
14123 15258
14125 14220
14126 15553
14128 14447
14129 15800
14131 14630
14132 15999
14137 16771
14138 17761
14140 16998
14141 18008
14143 17181
14144 18207
14149 18909
14150 19624
14152 19092
14153 19823
14158 20455
14159 20939
14210 29470
14232 49368
14234 49360
14235 49371
14236 49352
14237 49350
14239 49357
14240 49348
14242 49354
14246 49365
14250 49362
14255 49427
14260 49436
14272 49383
14277 49406
14282 49378
14287 49415
14292 49373
14293 49429
14295 49438
14297 49233
14308 49039
14309 49231
14320 48975
14333 49138
14346 49092
14360 49201
14374 49173
14389 49228
14404 49218
14420 29541
14436 29505
14452 49393
14487 49518
14488 49536
14519 49555
14520 49575
14526 49398
14541 49597
14542 49620
14553 49645
14554 49671
14555 49699
14556 49403
14557 689
14558 3197
14560 1091
14561 3599
14563 1449
14564 3957
14566 1763
14567 4271
14569 2033
14570 4541
14572 2259
14573 4767
14575 2441
14576 4949
14578 2579
14579 5087
14583 5896
14584 7976
14586 6255
14587 8367
14589 6570
14590 8710
14592 6841
14593 9005
14595 7068
14596 9252
14598 7251
14599 9451
14601 7390
14602 9602
14606 10362
14607 12035
14609 10677
14610 12378
14612 10948
14613 12673
14615 11175
14616 12920
14618 11358
14619 13119
14621 11497
14622 13270
14626 13960
14627 15270
14629 14231
14630 15565
14632 14458
14633 15812
14635 14641
14636 16011
14638 14780
14639 16162
14643 16782
14644 17773
14646 17009
14647 18020
14649 17192
14650 18219
14652 17331
14653 18370
14657 18920
14658 19636
14660 19103
14661 19835
14663 19242
14664 19986
14668 20466
14669 20951
14671 20605
14672 21102
14676 21512
14677 21810
14748 50446
14750 50438
14751 50449
14752 50430
14753 50428
14755 50435
14756 50426
14758 50432
14762 50443
14766 50440
14771 50505
14776 50514
14788 50461
14793 50484
14798 50456
14803 50493
14808 50451
14809 50507
14811 50516
14813 50311
14824 50076
14825 50309
14836 50006
14849 50187
14862 50135
14876 50262
14890 50228
14905 50301
14920 50285
14936 29575
14952 50306
14968 50471
15003 50597
15004 50615
15035 50634
15036 50654
15042 50476
15057 50676
15058 50699
15069 50724
15070 50750
15071 50778
15072 50481
15073 701
15074 3209
15076 1103
15077 3611
15079 1461
15080 3969
15082 1775
15083 4283
15085 2045
15086 4553
15088 2271
15089 4779
15091 2453
15092 4961
15094 2591
15095 5099
15099 5908
15100 7989
15102 6267
15103 8380
15105 6582
15106 8723
15108 6853
15109 9018
15111 7080
15112 9265
15114 7263
15115 9464
15117 7402
15118 9615
15122 10374
15123 12048
15125 10689
15126 12391
15128 10960
15129 12686
15131 11187
15132 12933
15134 11370
15135 13132
15137 11509
15138 13283
15142 13972
15143 15283
15145 14243
15146 15578
15148 14470
15149 15825
15151 14653
15152 16024
15154 14792
15155 16175
15159 16794
15160 17786
15162 17021
15163 18033
15165 17204
15166 18232
15168 17343
15169 18383
15173 18932
15174 19649
15176 19115
15177 19848
15179 19254
15180 19999
15184 20478
15185 20964
15187 20617
15188 21115
15192 21524
15193 21823
15264 51526
15266 51518
15267 51529
15268 51510
15269 51508
15271 51515
15272 51506
15274 51512
15278 51523
15282 51520
15287 51585
15292 51594
15304 51541
15309 51564
15314 51536
15319 51573
15324 51531
15325 51587
15327 51596
15329 51391
15340 51156
15341 51389
15352 51086
15365 51267
15378 51215
15392 51342
15406 51308
15421 51381
15436 51365
15452 29592
15468 51386
15484 51551
15519 51677
15520 51695
15551 51714
15552 51734
15558 51556
15573 51756
15574 51779
15585 51804
15586 51830
15587 51858
15588 51561
15589 712
15590 3220
15592 1114
15593 3622
15595 1472
15596 3980
15598 1786
15599 4294
15601 2056
15602 4564
15604 2282
15605 4790
15607 2464
15608 4972
15610 2602
15611 5110
15613 2696
15614 5204
15617 5919
15618 8001
15620 6278
15621 8392
15623 6593
15624 8735
15626 6864
15627 9030
15629 7091
15630 9277
15632 7274
15633 9476
15635 7413
15636 9627
15638 7508
15639 9730
15642 10385
15643 12060
15645 10700
15646 12403
15648 10971
15649 12698
15651 11198
15652 12945
15654 11381
15655 13144
15657 11520
15658 13295
15660 11615
15661 13398
15664 13983
15665 15295
15667 14254
15668 15590
15670 14481
15671 15837
15673 14664
15674 16036
15676 14803
15677 16187
15679 14898
15680 16290
15683 16805
15684 17798
15686 17032
15687 18045
15689 17215
15690 18244
15692 17354
15693 18395
15695 17449
15696 18498
15699 18943
15700 19661
15702 19126
15703 19860
15705 19265
15706 20011
15708 19360
15709 20114
15712 20489
15713 20976
15715 20628
15716 21127
15718 20723
15719 21230
15722 21535
15723 21835
15725 21630
15726 21938
15729 22173
15730 22330
15799 52664
15801 52656
15802 52667
15803 52648
15804 52646
15806 52653
15807 52644
15809 52650
15813 52661
15817 52658
15822 52723
15827 52732
15839 52679
15844 52702
15849 52674
15854 52711
15859 52669
15860 52725
15862 52734
15864 52529
15875 52248
15876 52527
15887 52172
15900 52371
15913 52313
15927 52458
15941 52418
15956 52509
15971 52487
15987 52524
16003 52520
16019 52689
16054 52815
16055 52833
16086 52852
16087 52872
16093 52694
16108 52894
16109 52917
16120 52942
16121 52968
16122 52996
16123 52699
16124 724
16125 3232
16127 1126
16128 3634
16130 1484
16131 3992
16133 1798
16134 4306
16136 2068
16137 4576
16139 2294
16140 4802
16142 2476
16143 4984
16145 2614
16146 5122
16148 2708
16149 5216
16152 5931
16153 8014
16155 6290
16156 8405
16158 6605
16159 8748
16161 6876
16162 9043
16164 7103
16165 9290
16167 7286
16168 9489
16170 7425
16171 9640
16173 7520
16174 9743
16177 10397
16178 12073
16180 10712
16181 12416
16183 10983
16184 12711
16186 11210
16187 12958
16189 11393
16190 13157
16192 11532
16193 13308
16195 11627
16196 13411
16199 13995
16200 15308
16202 14266
16203 15603
16205 14493
16206 15850
16208 14676
16209 16049
16211 14815
16212 16200
16214 14910
16215 16303
16218 16817
16219 17811
16221 17044
16222 18058
16224 17227
16225 18257
16227 17366
16228 18408
16230 17461
16231 18511
16234 18955
16235 19674
16237 19138
16238 19873
16240 19277
16241 20024
16243 19372
16244 20127
16247 20501
16248 20989
16250 20640
16251 21140
16253 20735
16254 21243
16257 21547
16258 21848
16260 21642
16261 21951
16264 22185
16265 22343
16334 53803
16336 53795
16337 53806
16338 53787
16339 53785
16341 53792
16342 53783
16344 53789
16348 53800
16352 53797
16357 53862
16362 53871
16374 53818
16379 53841
16384 53813
16389 53850
16394 53808
16395 53864
16397 53873
16399 53668
16410 53387
16411 53666
16422 53311
16435 53510
16448 53452
16462 53597
16476 53557
16491 53648
16506 53626
16522 53663
16538 53659
16554 53828
16589 53954
16590 53972
16621 53991
16622 54011
16628 53833
16643 54033
16644 54056
16655 54081
16656 54107
16657 54135
16658 53838
16659 734
16660 3242
16662 1136
16663 3644
16665 1494
16666 4002
16668 1808
16669 4316
16671 2078
16672 4586
16674 2304
16675 4812
16677 2486
16678 4994
16680 2624
16681 5132
16683 2718
16684 5226
16689 5941
16690 8025
16692 6300
16693 8416
16695 6615
16696 8759
16698 6886
16699 9054
16701 7113
16702 9301
16704 7296
16705 9500
16707 7435
16708 9651
16710 7530
16711 9754
16716 10407
16717 12084
16719 10722
16720 12427
16722 10993
16723 12722
16725 11220
16726 12969
16728 11403
16729 13168
16731 11542
16732 13319
16734 11637
16735 13422
16740 14005
16741 15319
16743 14276
16744 15614
16746 14503
16747 15861
16749 14686
16750 16060
16752 14825
16753 16211
16755 14920
16756 16314
16761 16827
16762 17822
16764 17054
16765 18069
16767 17237
16768 18268
16770 17376
16771 18419
16773 17471
16774 18522
16779 18965
16780 19685
16782 19148
16783 19884
16785 19287
16786 20035
16788 19382
16789 20138
16794 20511
16795 21000
16797 20650
16798 21151
16800 20745
16801 21254
16806 21557
16807 21859
16809 21652
16810 21962
16815 22195
16816 22354
16889 55042
16891 55034
16892 55045
16893 55026
16894 55024
16896 55031
16897 55022
16899 55028
16903 55039
16907 55036
16912 55101
16917 55110
16929 55057
16934 55080
16939 55052
16944 55089
16949 55047
16950 55103
16952 55112
16954 54907
16965 54546
16966 54905
16977 54460
16990 54689
17003 54621
17017 54796
17031 54746
17046 54867
17061 54835
17077 54902
17093 54888
17109 55067
17144 55193
17145 55211
17176 55230
17177 55250
17183 55072
17198 55272
17199 55295
17210 55320
17211 55346
17212 55374
17213 55077
17214 744
17215 3252
17217 1146
17218 3654
17220 1504
17221 4012
17223 1818
17224 4326
17226 2088
17227 4596
17229 2314
17230 4822
17232 2496
17233 5004
17235 2634
17236 5142
17238 2728
17239 5236
17244 5951
17245 8036
17247 6310
17248 8427
17250 6625
17251 8770
17253 6896
17254 9065
17256 7123
17257 9312
17259 7306
17260 9511
17262 7445
17263 9662
17265 7540
17266 9765
17271 10417
17272 12095
17274 10732
17275 12438
17277 11003
17278 12733
17280 11230
17281 12980
17283 11413
17284 13179
17286 11552
17287 13330
17289 11647
17290 13433
17295 14015
17296 15330
17298 14286
17299 15625
17301 14513
17302 15872
17304 14696
17305 16071
17307 14835
17308 16222
17310 14930
17311 16325
17316 16837
17317 17833
17319 17064
17320 18080
17322 17247
17323 18279
17325 17386
17326 18430
17328 17481
17329 18533
17334 18975
17335 19696
17337 19158
17338 19895
17340 19297
17341 20046
17343 19392
17344 20149
17349 20521
17350 21011
17352 20660
17353 21162
17355 20755
17356 21265
17361 21567
17362 21870
17364 21662
17365 21973
17370 22205
17371 22365
17444 56281
17446 56273
17447 56284
17448 56265
17449 56263
17451 56270
17452 56261
17454 56267
17458 56278
17462 56275
17467 56340
17472 56349
17484 56296
17489 56319
17494 56291
17499 56328
17504 56286
17505 56342
17507 56351
17509 56146
17520 55785
17521 56144
17532 55699
17545 55928
17558 55860
17572 56035
17586 55985
17601 56106
17616 56074
17632 56141
17648 56127
17664 56306
17699 56432
17700 56450
17731 56469
17732 56489
17738 56311
17753 56511
17754 56534
17765 56559
17766 56585
17767 56613
17768 56316
18825 2810
18850 2822
18875 2833
18900 2845
18925 2856
18950 2868
18975 2879
19000 2891
19025 2902
19050 2914
19075 2925
19100 2937
19125 2948
19150 2960
19175 2971
19200 2983
19225 2994
19250 3006
19275 3016
19300 3026
19325 3038
19350 3050
19375 3061
19400 3073
19425 3084
19450 3096
19475 3107
19500 3119
19525 3130
19550 3142
19575 3153
19600 3165
19625 3176
19650 3188
19675 3199
19700 3211
19725 3222
19750 3234
19775 3244
19800 3254
19825 3276
19826 7624
19851 3287
19852 7636
19877 3297
19878 7647
19903 3308
19904 7659
19929 3318
19930 7670
19955 3329
19956 7682
19981 3339
19982 7693
20007 3350
20008 7705
20033 3360
20034 7716
20059 3371
20060 7728
20085 3381
20086 7739
20111 3392
20112 7751
20137 3402
20138 7762
20163 3413
20164 7774
20189 3423
20190 7785
20215 3434
20216 7797
20241 3443
20242 7807
20267 3452
20268 7817
20293 3463
20294 7829
20319 3475
20320 7842
20345 3486
20346 7854
20371 3498
20372 7867
20397 3509
20398 7879
20423 3521
20424 7892
20449 3532
20450 7904
20475 3544
20476 7917
20501 3555
20502 7929
20527 3567
20528 7942
20553 3578
20554 7954
20579 3590
20580 7967
20605 3601
20606 7979
20631 3613
20632 7992
20657 3624
20658 8004
20683 3636
20684 8017
20709 3646
20710 8028
20735 3656
20736 8039
20761 3678
20762 8063
20763 11731
20788 3689
20789 8075
20790 11743
20815 3699
20816 8086
20817 11754
20842 3710
20843 8098
20844 11766
20869 3720
20870 8109
20871 11777
20896 3731
20897 8121
20898 11789
20923 3741
20924 8132
20925 11800
20950 3752
20951 8144
20952 11812
20977 3762
20978 8155
20979 11823
21004 3773
21005 8167
21006 11835
21031 3783
21032 8178
21033 11846
21058 3794
21059 8190
21060 11858
21085 3804
21086 8201
21087 11869
21112 3815
21113 8213
21114 11881
21139 3824
21140 8223
21141 11891
21166 3833
21167 8233
21168 11901
21193 3844
21194 8245
21195 11913
21220 3856
21221 8258
21222 11926
21247 3867
21248 8270
21249 11938
21274 3879
21275 8283
21276 11951
21301 3890
21302 8295
21303 11963
21328 3902
21329 8308
21330 11976
21355 3913
21356 8320
21357 11988
21382 3925
21383 8333
21384 12001
21409 3936
21410 8345
21411 12013
21436 3948
21437 8358
21438 12026
21463 3959
21464 8370
21465 12038
21490 3971
21491 8383
21492 12051
21517 3982
21518 8395
21519 12063
21544 3994
21545 8408
21546 12076
21571 4004
21572 8419
21573 12087
21598 4014
21599 8430
21600 12098
21625 4036
21626 8454
21627 12122
21628 15014
21653 4047
21654 8466
21655 12134
21656 15026
21681 4057
21682 8477
21683 12145
21684 15037
21709 4068
21710 8489
21711 12157
21712 15049
21737 4078
21738 8500
21739 12168
21740 15060
21765 4089
21766 8512
21767 12180
21768 15072
21793 4099
21794 8523
21795 12191
21796 15083
21821 4110
21822 8535
21823 12203
21824 15095
21849 4120
21850 8546
21851 12214
21852 15106
21877 4131
21878 8558
21879 12226
21880 15118
21905 4141
21906 8569
21907 12237
21908 15129
21933 4152
21934 8581
21935 12249
21936 15141
21961 4161
21962 8591
21963 12259
21964 15151
21989 4170
21990 8601
21991 12269
21992 15161
22017 4181
22018 8613
22019 12281
22020 15173
22045 4193
22046 8626
22047 12294
22048 15186
22073 4204
22074 8638
22075 12306
22076 15198
22101 4216
22102 8651
22103 12319
22104 15211
22129 4227
22130 8663
22131 12331
22132 15223
22157 4239
22158 8676
22159 12344
22160 15236
22185 4250
22186 8688
22187 12356
22188 15248
22213 4262
22214 8701
22215 12369
22216 15261
22241 4273
22242 8713
22243 12381
22244 15273
22269 4285
22270 8726
22271 12394
22272 15286
22297 4296
22298 8738
22299 12406
22300 15298
22325 4308
22326 8751
22327 12419
22328 15311
22353 4318
22354 8762
22355 12430
22356 15322
22381 4328
22382 8773
22383 12441
22384 15333
22409 4350
22410 8797
22411 12465
22412 15357
22413 17565
22438 4361
22439 8809
22440 12477
22441 15369
22442 17577
22467 4371
22468 8820
22469 12488
22470 15380
22471 17588
22496 4382
22497 8832
22498 12500
22499 15392
22500 17600
22525 4392
22526 8843
22527 12511
22528 15403
22529 17611
22554 4403
22555 8855
22556 12523
22557 15415
22558 17623
22583 4413
22584 8866
22585 12534
22586 15426
22587 17634
22612 4424
22613 8878
22614 12546
22615 15438
22616 17646
22641 4434
22642 8889
22643 12557
22644 15449
22645 17657
22670 4445
22671 8901
22672 12569
22673 15461
22674 17669
22699 4454
22700 8911
22701 12579
22702 15471
22703 17679
22728 4463
22729 8921
22730 12589
22731 15481
22732 17689
22757 4474
22758 8933
22759 12601
22760 15493
22761 17701
22786 4486
22787 8946
22788 12614
22789 15506
22790 17714
22815 4497
22816 8958
22817 12626
22818 15518
22819 17726
22844 4509
22845 8971
22846 12639
22847 15531
22848 17739
22873 4520
22874 8983
22875 12651
22876 15543
22877 17751
22902 4532
22903 8996
22904 12664
22905 15556
22906 17764
22931 4543
22932 9008
22933 12676
22934 15568
22935 17776
22960 4555
22961 9021
22962 12689
22963 15581
22964 17789
22989 4566
22990 9033
22991 12701
22992 15593
22993 17801
23018 4578
23019 9046
23020 12714
23021 15606
23022 17814
23047 4588
23048 9057
23049 12725
23050 15617
23051 17825
23076 4598
23077 9068
23078 12736
23079 15628
23080 17836
23105 4620
23106 9092
23107 12760
23108 15652
23109 17860
23110 19476
23135 4631
23136 9104
23137 12772
23138 15664
23139 17872
23140 19488
23165 4641
23166 9115
23167 12783
23168 15675
23169 17883
23170 19499
23195 4652
23196 9127
23197 12795
23198 15687
23199 17895
23200 19511
23225 4662
23226 9138
23227 12806
23228 15698
23229 17906
23230 19522
23255 4673
23256 9150
23257 12818
23258 15710
23259 17918
23260 19534
23285 4683
23286 9161
23287 12829
23288 15721
23289 17929
23290 19545
23315 4694
23316 9173
23317 12841
23318 15733
23319 17941
23320 19557
23345 4703
23346 9183
23347 12851
23348 15743
23349 17951
23350 19567
23375 4712
23376 9193
23377 12861
23378 15753
23379 17961
23380 19577
23405 4723
23406 9205
23407 12873
23408 15765
23409 17973
23410 19589
23435 4735
23436 9218
23437 12886
23438 15778
23439 17986
23440 19602
23465 4746
23466 9230
23467 12898
23468 15790
23469 17998
23470 19614
23495 4758
23496 9243
23497 12911
23498 15803
23499 18011
23500 19627
23525 4769
23526 9255
23527 12923
23528 15815
23529 18023
23530 19639
23555 4781
23556 9268
23557 12936
23558 15828
23559 18036
23560 19652
23585 4792
23586 9280
23587 12948
23588 15840
23589 18048
23590 19664
23615 4804
23616 9293
23617 12961
23618 15853
23619 18061
23620 19677
23645 4814
23646 9304
23647 12972
23648 15864
23649 18072
23650 19688
23675 4824
23676 9315
23677 12983
23678 15875
23679 18083
23680 19699
23705 4846
23706 9339
23707 13007
23708 15899
23709 18107
23710 19723
23711 20839
23736 4857
23737 9351
23738 13019
23739 15911
23740 18119
23741 19735
23742 20851
23767 4867
23768 9362
23769 13030
23770 15922
23771 18130
23772 19746
23773 20862
23798 4878
23799 9374
23800 13042
23801 15934
23802 18142
23803 19758
23804 20874
23829 4888
23830 9385
23831 13053
23832 15945
23833 18153
23834 19769
23835 20885
23860 4899
23861 9397
23862 13065
23863 15957
23864 18165
23865 19781
23866 20897
23891 4908
23892 9407
23893 13075
23894 15967
23895 18175
23896 19791
23897 20907
23922 4917
23923 9417
23924 13085
23925 15977
23926 18185
23927 19801
23928 20917
23953 4928
23954 9429
23955 13097
23956 15989
23957 18197
23958 19813
23959 20929
23984 4940
23985 9442
23986 13110
23987 16002
23988 18210
23989 19826
23990 20942
24015 4951
24016 9454
24017 13122
24018 16014
24019 18222
24020 19838
24021 20954
24046 4963
24047 9467
24048 13135
24049 16027
24050 18235
24051 19851
24052 20967
24077 4974
24078 9479
24079 13147
24080 16039
24081 18247
24082 19863
24083 20979
24108 4986
24109 9492
24110 13160
24111 16052
24112 18260
24113 19876
24114 20992
24139 4996
24140 9503
24141 13171
24142 16063
24143 18271
24144 19887
24145 21003
24170 5006
24171 9514
24172 13182
24173 16074
24174 18282
24175 19898
24176 21014
24201 5028
24202 9538
24203 13206
24204 16098
24205 18306
24206 19922
24207 21038
24208 21746
24233 5039
24234 9550
24235 13218
24236 16110
24237 18318
24238 19934
24239 21050
24240 21758
24265 5049
24266 9561
24267 13229
24268 16121
24269 18329
24270 19945
24271 21061
24272 21769
24297 5060
24298 9573
24299 13241
24300 16133
24301 18341
24302 19957
24303 21073
24304 21781
24329 5069
24330 9583
24331 13251
24332 16143
24333 18351
24334 19967
24335 21083
24336 21791
24361 5078
24362 9593
24363 13261
24364 16153
24365 18361
24366 19977
24367 21093
24368 21801
24393 5089
24394 9605
24395 13273
24396 16165
24397 18373
24398 19989
24399 21105
24400 21813
24425 5101
24426 9618
24427 13286
24428 16178
24429 18386
24430 20002
24431 21118
24432 21826
24457 5112
24458 9630
24459 13298
24460 16190
24461 18398
24462 20014
24463 21130
24464 21838
24489 5124
24490 9643
24491 13311
24492 16203
24493 18411
24494 20027
24495 21143
24496 21851
24521 5134
24522 9654
24523 13322
24524 16214
24525 18422
24526 20038
24527 21154
24528 21862
24553 5144
24554 9665
24555 13333
24556 16225
24557 18433
24558 20049
24559 21165
24560 21873
24585 5166
24586 9689
24587 13357
24588 16249
24589 18457
24590 20073
24591 21189
24592 21897
24593 22289
24618 5177
24619 9701
24620 13369
24621 16261
24622 18469
24623 20085
24624 21201
24625 21909
24626 22301
24651 5186
24652 9711
24653 13379
24654 16271
24655 18479
24656 20095
24657 21211
24658 21919
24659 22311
24684 5195
24685 9721
24686 13389
24687 16281
24688 18489
24689 20105
24690 21221
24691 21929
24692 22321
24717 5206
24718 9733
24719 13401
24720 16293
24721 18501
24722 20117
24723 21233
24724 21941
24725 22333
24750 5218
24751 9746
24752 13414
24753 16306
24754 18514
24755 20130
24756 21246
24757 21954
24758 22346
24783 5228
24784 9757
24785 13425
24786 16317
24787 18525
24788 20141
24789 21257
24790 21965
24791 22357
24816 5238
24817 9768
24818 13436
24819 16328
24820 18536
24821 20152
24822 21268
24823 21976
24824 22368
24849 5258
24850 9790
24851 13458
24852 16350
24853 18558
24854 20174
24855 21290
24856 21998
24857 22390
24883 5266
24884 9799
24885 13467
24886 16359
24887 18567
24888 20183
24889 21299
24890 22007
24891 22399
24917 5274
24918 9808
24919 13476
24920 16368
24921 18576
24922 20192
24923 21308
24924 22016
24925 22408
24951 5282
24952 9817
24953 13485
24954 16377
24955 18585
24956 20201
24957 21317
24958 22025
24959 22417
25020 30514
25060 30520
25092 30526
25116 30532
25132 30538
25140 30544
25142 30513
25163 35904
25524 35907
25809 35910
26018 35913
26151 35916
26208 35255
26209 37271
26211 38724
26212 542
26215 37993
26216 530
26222 40264
26223 565
26226 39490
26227 553
26233 41899
26234 588
26237 41078
26238 576
26244 43629
26245 611
26248 42761
26249 599
26255 45462
26256 634
26259 44543
26260 622
26266 47398
26267 657
26270 46428
26271 645
26277 49445
26278 680
26281 48420
26282 668
26288 51603
26289 703
26292 50523
26293 691
26299 53880
26300 726
26303 52741
26304 714
26310 56358
26311 746
26314 55119
26315 736
26318 36583
26320 314
26323 302
26328 337
26331 325
26336 360
26339 348
26344 383
26347 371
26352 406
26355 394
26360 429
26363 417
26368 452
26371 440
26376 475
26379 463
26384 498
26387 486
26392 518
26395 508
26402 967
26406 955
26413 990
26417 978
26424 1013
26428 1001
26435 1036
26439 1024
26446 1059
26450 1047
26457 1082
26461 1070
26468 1105
26472 1093
26479 1128
26483 1116
26490 1148
26494 1138
26499 779
26502 768
26507 800
26510 789
26515 821
26518 810
26523 842
26526 831
26531 863
26534 852
26539 884
26542 873
26547 905
26550 894
26555 926
26558 915
26563 944
26566 935
26569 35258
26573 1348
26577 1336
26584 1371
26588 1359
26595 1394
26599 1382
26606 1417
26610 1405
26617 1440
26621 1428
26628 1463
26632 1451
26639 1486
26643 1474
26650 1506
26654 1496
26659 1181
26662 1170
26667 1202
26670 1191
26675 1223
26678 1212
26683 1244
26686 1233
26691 1265
26694 1254
26699 1286
26702 1275
26707 1307
26710 1296
26715 1325
26718 1316
26725 1685
26729 1673
26736 1708
26740 1696
26747 1731
26751 1719
26758 1754
26762 1742
26769 1777
26773 1765
26780 1800
26784 1788
26791 1820
26795 1810
26800 1539
26803 1528
26808 1560
26811 1549
26816 1581
26819 1570
26824 1602
26827 1591
26832 1623
26835 1612
26840 1644
26843 1633
26848 1662
26851 1653
26854 35261
26858 1978
26862 1966
26869 2001
26873 1989
26880 2024
26884 2012
26891 2047
26895 2035
26902 2070
26906 2058
26913 2090
26917 2080
26922 1853
26925 1842
26930 1874
26933 1863
26938 1895
26941 1884
26946 1916
26949 1905
26954 1937
26957 1926
26962 1955
26965 1946
26972 2227
26976 2215
26983 2250
26987 2238
26994 2273
26998 2261
27005 2296
27009 2284
27016 2316
27020 2306
27025 2123
27028 2112
27033 2144
27036 2133
27041 2165
27044 2154
27049 2186
27052 2175
27057 2204
27060 2195
27063 35264
27067 2432
27071 2420
27078 2455
27082 2443
27089 2478
27093 2466
27100 2498
27104 2488
27109 2349
27112 2338
27117 2370
27120 2359
27125 2391
27128 2380
27133 2409
27136 2400
27143 2593
27147 2581
27154 2616
27158 2604
27165 2636
27169 2626
27174 2531
27177 2520
27182 2552
27185 2541
27190 2570
27193 2561
27196 35267
27200 2710
27204 2698
27211 2730
27215 2720
27220 2669
27223 2658
27228 2687
27231 2678
27238 2774
27242 2766
27247 2758
27250 2750
27444 37274
27729 37277
27938 37280
28071 37283
28299 36586
28584 36589
28793 36592
28926 36595
28984 30519
29001 38727
29286 38730
29495 38733
29628 38736
29685 37996
29686 40268
29688 41903
29692 41082
29699 43633
29703 42765
29710 45466
29714 44547
29721 47402
29725 46432
29732 49449
29736 48424
29743 51607
29747 50527
29754 53884
29758 52745
29765 56362
29769 55123
29773 39494
29970 37999
30179 38002
30312 38005
30518 40271
30727 40274
30860 40277
31050 39497
31259 39500
31392 39503
31450 30525
31463 41906
31672 41909
31805 41912
31862 41085
31863 43637
31865 45470
31869 44551
31876 47406
31880 46436
31887 49453
31891 48428
31898 51611
31902 50531
31909 53888
31913 52749
31920 56366
31924 55127
31928 42769
32071 41088
32204 41091
32368 43640
32501 43643
32653 42772
32786 42775
32844 30531
32853 45473
32986 45476
33043 44554
33044 47410
33046 49457
33050 48432
33057 51615
33061 50535
33068 53892
33072 52753
33079 56370
33083 55131
33087 46440
33176 44557
33298 47413
33412 46443
33470 30537
33475 49460
33532 48435
33533 51619
33535 53896
33539 52757
33546 56374
33550 55135
33554 50539
33616 22520
33620 22513
33625 22506
33628 22499
33632 30543
33633 248
33635 222
33637 196
33639 170
33641 144
33643 118
33645 92
33652 25
33653 84858
33654 84860
33655 84862
33656 84864
33657 84866
33658 84868
33659 84870
33660 84872
33661 84874
33662 84876
33663 84878
33664 84880
33665 84882
33666 84884
33667 84886
33668 84888
33669 84890
33671 249
33673 236
33675 223
33677 210
33679 197
33681 184
33683 171
33685 158
33687 145
33689 132
33691 119
33693 106
33695 93
33697 80
33699 67
33701 54
33703 41
33705 28
33707 16
33722 7
33723 84946
33724 84948
33725 84950
33726 84952
33727 84954
33728 84956
33729 84958
33730 84960
33731 84962
33732 84964
33733 84966
33734 84968
33735 84970
33736 84972
33737 84974
33738 84976
33739 84978
33740 84980
33742 492
33744 22968
33746 469
33748 56863
33750 446
33752 56867
33754 423
33756 56871
33758 400
33760 56875
33762 377
33764 56879
33766 354
33768 56883
33770 331
33772 56887
33774 308
33776 296
33778 284
33793 19
33794 85036
33795 85038
33796 85040
33797 85042
33798 85044
33799 85046
33800 85048
33801 85050
33802 85052
33803 85054
33804 85056
33805 85058
33806 85060
33807 85062
33808 85064
33809 85066
33810 85068
33811 85070
33813 720
33815 22974
33817 697
33819 56917
33821 674
33823 56921
33825 651
33827 56925
33829 628
33831 56929
33833 605
33835 56933
33837 582
33839 56937
33841 559
33843 56941
33845 536
33847 524
33849 287
33864 32
33865 85126
33866 85128
33867 85130
33868 85132
33869 85134
33870 85136
33871 85138
33872 85140
33873 85142
33874 85144
33875 85146
33876 85148
33877 85150
33878 85152
33879 85154
33880 85156
33881 85158
33882 85160
33884 921
33886 23226
33888 900
33890 56971
33892 879
33894 56975
33896 858
33898 56979
33900 837
33902 56983
33904 816
33906 56987
33908 795
33910 56991
33912 774
33914 56995
33916 527
33918 299
33920 752
33935 45
33936 85216
33937 85218
33938 85220
33939 85222
33940 85224
33941 85226
33942 85228
33943 85230
33944 85232
33945 85234
33946 85236
33947 85238
33948 85240
33949 85242
33950 85244
33951 85246
33952 85248
33953 85250
33955 1122
33957 23232
33959 1099
33961 57025
33963 1076
33965 57029
33967 1053
33969 57033
33971 1030
33973 57037
33975 1007
33977 57041
33979 984
33981 57045
33983 961
33985 57049
33987 539
33989 311
33991 755
34006 58
34007 85306
34008 85308
34009 85310
34010 85312
34011 85314
34012 85316
34013 85318
34014 85320
34015 85322
34016 85324
34017 85326
34018 85328
34019 85330
34020 85332
34021 85334
34022 85336
34023 85338
34024 85340
34026 1302
34028 23456
34030 1281
34032 57079
34034 1260
34036 57083
34038 1239
34040 57087
34042 1218
34044 57091
34046 1197
34048 57095
34050 1176
34052 57099
34054 952
34056 57103
34058 550
34060 322
34062 1154
34077 71
34078 85396
34079 85398
34080 85400
34081 85402
34082 85404
34083 85406
34084 85408
34085 85410
34086 85412
34087 85414
34088 85416
34089 85418
34090 85420
34091 85422
34092 85424
34093 85426
34094 85428
34095 85430
34097 1480
34099 23462
34101 1457
34103 57133
34105 1434
34107 57137
34109 1411
34111 57141
34113 1388
34115 57145
34117 1365
34119 57149
34121 1342
34123 57153
34125 964
34127 57157
34129 562
34131 334
34133 1157
34148 84
34149 85486
34150 85488
34151 85490
34152 85492
34153 85494
34154 85496
34155 85498
34156 85500
34157 85502
34158 85504
34159 85506
34160 85508
34161 85510
34162 85512
34163 85514
34164 85516
34165 85518
34166 85520
34168 1639
34170 23660
34172 1618
34174 57187
34176 1597
34178 57191
34180 1576
34182 57195
34184 1555
34186 57199
34188 1534
34190 57203
34192 1333
34194 57207
34196 975
34198 57211
34200 573
34202 345
34204 1512
34219 97
34220 85576
34221 85578
34222 85580
34223 85582
34224 85584
34225 85586
34226 85588
34227 85590
34228 85592
34229 85594
34230 85596
34231 85598
34232 85600
34233 85602
34234 85604
34235 85606
34236 85608
34237 85610
34239 1794
34241 23666
34243 1771
34245 57241
34247 1748
34249 57245
34251 1725
34253 57249
34255 1702
34257 57253
34259 1679
34261 57257
34263 1345
34265 57261
34267 987
34269 57265
34271 585
34273 357
34275 1515
34290 110
34291 85666
34292 85668
34293 85670
34294 85672
34295 85674
34296 85676
34297 85678
34298 85680
34299 85682
34300 85684
34301 85686
34302 85688
34303 85690
34304 85692
34305 85694
34306 85696
34307 85698
34308 85700
34310 1932
34312 23834
34314 1911
34316 57295
34318 1890
34320 57299
34322 1869
34324 57303
34326 1848
34328 57307
34330 1670
34332 57311
34334 1356
34336 57315
34338 998
34340 57319
34342 596
34344 368
34346 1826
34361 123
34362 85756
34363 85758
34364 85760
34365 85762
34366 85764
34367 85766
34368 85768
34369 85770
34370 85772
34371 85774
34372 85776
34373 85778
34374 85780
34375 85782
34376 85784
34377 85786
34378 85788
34379 85790
34381 2064
34383 23840
34385 2041
34387 57349
34389 2018
34391 57353
34393 1995
34395 57357
34397 1972
34399 57361
34401 1682
34403 57365
34405 1368
34407 57369
34409 1010
34411 57373
34413 608
34415 380
34417 1829
34432 136
34433 85846
34434 85848
34435 85850
34436 85852
34437 85854
34438 85856
34439 85858
34440 85860
34441 85862
34442 85864
34443 85866
34444 85868
34445 85870
34446 85872
34447 85874
34448 85876
34449 85878
34450 85880
34452 2181
34454 23982
34456 2160
34458 57403
34460 2139
34462 57407
34464 2118
34466 57411
34468 1963
34470 57415
34472 1693
34474 57419
34476 1379
34478 57423
34480 1021
34482 57427
34484 619
34486 391
34488 2096
34503 149
34504 85936
34505 85938
34506 85940
34507 85942
34508 85944
34509 85946
34510 85948
34511 85950
34512 85952
34513 85954
34514 85956
34515 85958
34516 85960
34517 85962
34518 85964
34519 85966
34520 85968
34521 85970
34523 2290
34525 23988
34527 2267
34529 57457
34531 2244
34533 57461
34535 2221
34537 57465
34539 1975
34541 57469
34543 1705
34545 57473
34547 1391
34549 57477
34551 1033
34553 57481
34555 631
34557 403
34559 2099
34574 162
34575 86026
34576 86028
34577 86030
34578 86032
34579 86034
34580 86036
34581 86038
34582 86040
34583 86042
34584 86044
34585 86046
34586 86048
34587 86050
34588 86052
34589 86054
34590 86056
34591 86058
34592 86060
34594 2386
34596 24100
34598 2365
34600 57511
34602 2344
34604 57515
34606 2212
34608 57519
34610 1986
34612 57523
34614 1716
34616 57527
34618 1402
34620 57531
34622 1044
34624 57535
34626 642
34628 414
34630 2322
34645 175
34646 86116
34647 86118
34648 86120
34649 86122
34650 86124
34651 86126
34652 86128
34653 86130
34654 86132
34655 86134
34656 86136
34657 86138
34658 86140
34659 86142
34660 86144
34661 86146
34662 86148
34663 86150
34665 2472
34667 24106
34669 2449
34671 57565
34673 2426
34675 57569
34677 2224
34679 57573
34681 1998
34683 57577
34685 1728
34687 57581
34689 1414
34691 57585
34693 1056
34695 57589
34697 654
34699 426
34701 2325
34716 188
34717 86206
34718 86208
34719 86210
34720 86212
34721 86214
34722 86216
34723 86218
34724 86220
34725 86222
34726 86224
34727 86226
34728 86228
34729 86230
34730 86232
34731 86234
34732 86236
34733 86238
34734 86240
34736 2547
34738 24192
34740 2526
34742 57619
34744 2417
34746 57623
34748 2235
34750 57627
34752 2009
34754 57631
34756 1739
34758 57635
34760 1425
34762 57639
34764 1067
34766 57643
34768 665
34770 437
34772 2504
34787 201
34788 86296
34789 86298
34790 86300
34791 86302
34792 86304
34793 86306
34794 86308
34795 86310
34796 86312
34797 86314
34798 86316
34799 86318
34800 86320
34801 86322
34802 86324
34803 86326
34804 86328
34805 86330
34807 2610
34809 24198
34811 2587
34813 57673
34815 2429
34817 57677
34819 2247
34821 57681
34823 2021
34825 57685
34827 1751
34829 57689
34831 1437
34833 57693
34835 1079
34837 57697
34839 677
34841 449
34843 2507
34858 214
34859 86386
34860 86388
34861 86390
34862 86392
34863 86394
34864 86396
34865 86398
34866 86400
34867 86402
34868 86404
34869 86406
34870 86408
34871 86410
34872 86412
34873 86414
34874 86416
34875 86418
34876 86420
34878 2664
34880 24254
34882 2578
34884 57727
34886 2440
34888 57731
34890 2258
34892 57735
34894 2032
34896 57739
34898 1762
34900 57743
34902 1448
34904 57747
34906 1090
34908 57751
34910 688
34912 460
34914 2642
34929 227
34930 86476
34931 86478
34932 86480
34933 86482
34934 86484
34935 86486
34936 86488
34937 86490
34938 86492
34939 86494
34940 86496
34941 86498
34942 86500
34943 86502
34944 86504
34945 86506
34946 86508
34947 86510
34949 2704
34951 24260
34953 2590
34955 57781
34957 2452
34959 57785
34961 2270
34963 57789
34965 2044
34967 57793
34969 1774
34971 57797
34973 1460
34975 57801
34977 1102
34979 57805
34981 700
34983 472
34985 2645
35000 240
35001 86566
35002 86568
35003 86570
35004 86572
35005 86574
35006 86576
35007 86578
35008 86580
35009 86582
35010 86584
35011 86586
35012 86588
35013 86590
35014 86592
35015 86594
35016 86596
35017 86598
35018 86600
35020 2695
35022 24292
35024 2601
35026 57835
35028 2463
35030 57839
35032 2281
35034 57843
35036 2055
35038 57847
35040 1785
35042 57851
35044 1471
35046 57855
35048 1113
35050 57859
35052 711
35054 483
35056 2736
35071 253
35072 86656
35073 86658
35074 86660
35075 86662
35076 86664
35077 86666
35078 86668
35079 86670
35080 86672
35081 86674
35082 86676
35083 86678
35084 86680
35085 86682
35086 86684
35087 86686
35088 86688
35089 86690
35091 2707
35093 24298
35095 2613
35097 57889
35099 2475
35101 57893
35103 2293
35105 57897
35107 2067
35109 57901
35111 1797
35113 57905
35115 1483
35117 57909
35119 1125
35121 57913
35123 723
35125 495
35127 2739
35142 264
35143 86746
35144 86748
35145 86750
35146 86752
35147 86754
35148 86756
35149 86758
35150 86760
35151 86762
35152 86764
35153 86766
35154 86768
35155 86770
35156 86772
35157 86774
35158 86776
35159 86778
35160 86780
35162 2717
35164 54450
35166 2623
35168 57943
35170 2485
35172 57947
35174 2303
35176 57951
35178 2077
35180 57955
35182 1807
35184 57959
35186 1493
35188 57963
35190 1135
35192 57967
35194 733
35196 505
35198 2780
35213 275
35214 86836
35215 86838
35216 86840
35217 86842
35218 86844
35219 86846
35220 86848
35221 86850
35222 86852
35223 86854
35224 86856
35225 86858
35226 86860
35227 86862
35228 86864
35229 86866
35230 86868
35231 86870
35233 2727
35235 55689
35237 2633
35239 57997
35241 2495
35243 58001
35245 2313
35247 58005
35249 2087
35251 58009
35253 1817
35255 58013
35257 1503
35259 58017
35261 1145
35263 58021
35265 743
35267 515
35269 2783
35284 10
35285 86926
35286 86928
35287 86930
35288 86932
35289 86934
35290 86936
35291 86938
35292 86940
35293 86942
35294 86944
35295 86946
35296 86948
35297 86950
35298 86952
35299 86954
35300 86956
35301 86958
35302 86960
35304 3000
35306 22985
35308 2977
35310 58051
35312 2954
35314 58055
35316 2931
35318 58059
35320 2908
35322 58063
35324 2885
35326 58067
35328 2862
35330 58071
35332 2839
35334 58075
35336 2816
35338 2804
35340 2792
35355 22
35356 87016
35357 87018
35358 87020
35359 87022
35360 87024
35361 87026
35362 87028
35363 87030
35364 87032
35365 87034
35366 87036
35367 87038
35368 87040
35369 87042
35370 87044
35371 87046
35372 87048
35373 87050
35375 3228
35377 22991
35379 3205
35381 58105
35383 3182
35385 58109
35387 3159
35389 58113
35391 3136
35393 58117
35395 3113
35397 58121
35399 3090
35401 58125
35403 3067
35405 58129
35407 3044
35409 3032
35411 2795
35426 35
35427 87106
35428 87108
35429 87110
35430 87112
35431 87114
35432 87116
35433 87118
35434 87120
35435 87122
35436 87124
35437 87126
35438 87128
35439 87130
35440 87132
35441 87134
35442 87136
35443 87138
35444 87140
35446 3429
35448 23243
35450 3408
35452 58159
35454 3387
35456 58163
35458 3366
35460 58167
35462 3345
35464 58171
35466 3324
35468 58175
35470 3303
35472 58179
35474 3282
35476 58183
35478 3035
35480 2807
35482 3260
35497 48
35498 87196
35499 87198
35500 87200
35501 87202
35502 87204
35503 87206
35504 87208
35505 87210
35506 87212
35507 87214
35508 87216
35509 87218
35510 87220
35511 87222
35512 87224
35513 87226
35514 87228
35515 87230
35517 3630
35519 23249
35521 3607
35523 58213
35525 3584
35527 58217
35529 3561
35531 58221
35533 3538
35535 58225
35537 3515
35539 58229
35541 3492
35543 58233
35545 3469
35547 58237
35549 3047
35551 2819
35553 3263
35568 61
35569 87286
35570 87288
35571 87290
35572 87292
35573 87294
35574 87296
35575 87298
35576 87300
35577 87302
35578 87304
35579 87306
35580 87308
35581 87310
35582 87312
35583 87314
35584 87316
35585 87318
35586 87320
35588 3810
35590 23473
35592 3789
35594 58267
35596 3768
35598 58271
35600 3747
35602 58275
35604 3726
35606 58279
35608 3705
35610 58283
35612 3684
35614 58287
35616 3460
35618 58291
35620 3058
35622 2830
35624 3662
35639 74
35640 87376
35641 87378
35642 87380
35643 87382
35644 87384
35645 87386
35646 87388
35647 87390
35648 87392
35649 87394
35650 87396
35651 87398
35652 87400
35653 87402
35654 87404
35655 87406
35656 87408
35657 87410
35659 3988
35661 23479
35663 3965
35665 58321
35667 3942
35669 58325
35671 3919
35673 58329
35675 3896
35677 58333
35679 3873
35681 58337
35683 3850
35685 58341
35687 3472
35689 58345
35691 3070
35693 2842
35695 3665
35710 87
35711 87466
35712 87468
35713 87470
35714 87472
35715 87474
35716 87476
35717 87478
35718 87480
35719 87482
35720 87484
35721 87486
35722 87488
35723 87490
35724 87492
35725 87494
35726 87496
35727 87498
35728 87500
35730 4147
35732 23677
35734 4126
35736 58375
35738 4105
35740 58379
35742 4084
35744 58383
35746 4063
35748 58387
35750 4042
35752 58391
35754 3841
35756 58395
35758 3483
35760 58399
35762 3081
35764 2853
35766 4020
35781 100
35782 87556
35783 87558
35784 87560
35785 87562
35786 87564
35787 87566
35788 87568
35789 87570
35790 87572
35791 87574
35792 87576
35793 87578
35794 87580
35795 87582
35796 87584
35797 87586
35798 87588
35799 87590
35801 4302
35803 23683
35805 4279
35807 58429
35809 4256
35811 58433
35813 4233
35815 58437
35817 4210
35819 58441
35821 4187
35823 58445
35825 3853
35827 58449
35829 3495
35831 58453
35833 3093
35835 2865
35837 4023
35852 113
35853 87646
35854 87648
35855 87650
35856 87652
35857 87654
35858 87656
35859 87658
35860 87660
35861 87662
35862 87664
35863 87666
35864 87668
35865 87670
35866 87672
35867 87674
35868 87676
35869 87678
35870 87680
35872 4440
35874 23851
35876 4419
35878 58483
35880 4398
35882 58487
35884 4377
35886 58491
35888 4356
35890 58495
35892 4178
35894 58499
35896 3864
35898 58503
35900 3506
35902 58507
35904 3104
35906 2876
35908 4334
35923 126
35924 87736
35925 87738
35926 87740
35927 87742
35928 87744
35929 87746
35930 87748
35931 87750
35932 87752
35933 87754
35934 87756
35935 87758
35936 87760
35937 87762
35938 87764
35939 87766
35940 87768
35941 87770
35943 4572
35945 23857
35947 4549
35949 58537
35951 4526
35953 58541
35955 4503
35957 58545
35959 4480
35961 58549
35963 4190
35965 58553
35967 3876
35969 58557
35971 3518
35973 58561
35975 3116
35977 2888
35979 4337
35994 139
35995 87826
35996 87828
35997 87830
35998 87832
35999 87834
36000 87836
36001 87838
36002 87840
36003 87842
36004 87844
36005 87846
36006 87848
36007 87850
36008 87852
36009 87854
36010 87856
36011 87858
36012 87860
36014 4689
36016 23999
36018 4668
36020 58591
36022 4647
36024 58595
36026 4626
36028 58599
36030 4471
36032 58603
36034 4201
36036 58607
36038 3887
36040 58611
36042 3529
36044 58615
36046 3127
36048 2899
36050 4604
36065 152
36066 87916
36067 87918
36068 87920
36069 87922
36070 87924
36071 87926
36072 87928
36073 87930
36074 87932
36075 87934
36076 87936
36077 87938
36078 87940
36079 87942
36080 87944
36081 87946
36082 87948
36083 87950
36085 4798
36087 24005
36089 4775
36091 58645
36093 4752
36095 58649
36097 4729
36099 58653
36101 4483
36103 58657
36105 4213
36107 58661
36109 3899
36111 58665
36113 3541
36115 58669
36117 3139
36119 2911
36121 4607
36136 165
36137 88006
36138 88008
36139 88010
36140 88012
36141 88014
36142 88016
36143 88018
36144 88020
36145 88022
36146 88024
36147 88026
36148 88028
36149 88030
36150 88032
36151 88034
36152 88036
36153 88038
36154 88040
36156 4894
36158 24117
36160 4873
36162 58699
36164 4852
36166 58703
36168 4720
36170 58707
36172 4494
36174 58711
36176 4224
36178 58715
36180 3910
36182 58719
36184 3552
36186 58723
36188 3150
36190 2922
36192 4830
36207 178
36208 88096
36209 88098
36210 88100
36211 88102
36212 88104
36213 88106
36214 88108
36215 88110
36216 88112
36217 88114
36218 88116
36219 88118
36220 88120
36221 88122
36222 88124
36223 88126
36224 88128
36225 88130
36227 4980
36229 24123
36231 4957
36233 58753
36235 4934
36237 58757
36239 4732
36241 58761
36243 4506
36245 58765
36247 4236
36249 58769
36251 3922
36253 58773
36255 3564
36257 58777
36259 3162
36261 2934
36263 4833
36278 191
36279 88186
36280 88188
36281 88190
36282 88192
36283 88194
36284 88196
36285 88198
36286 88200
36287 88202
36288 88204
36289 88206
36290 88208
36291 88210
36292 88212
36293 88214
36294 88216
36295 88218
36296 88220
36298 5055
36300 24209
36302 5034
36304 58807
36306 4925
36308 58811
36310 4743
36312 58815
36314 4517
36316 58819
36318 4247
36320 58823
36322 3933
36324 58827
36326 3575
36328 58831
36330 3173
36332 2945
36334 5012
36349 204
36350 88276
36351 88278
36352 88280
36353 88282
36354 88284
36355 88286
36356 88288
36357 88290
36358 88292
36359 88294
36360 88296
36361 88298
36362 88300
36363 88302
36364 88304
36365 88306
36366 88308
36367 88310
36369 5118
36371 24215
36373 5095
36375 58861
36377 4937
36379 58865
36381 4755
36383 58869
36385 4529
36387 58873
36389 4259
36391 58877
36393 3945
36395 58881
36397 3587
36399 58885
36401 3185
36403 2957
36405 5015
36420 217
36421 88366
36422 88368
36423 88370
36424 88372
36425 88374
36426 88376
36427 88378
36428 88380
36429 88382
36430 88384
36431 88386
36432 88388
36433 88390
36434 88392
36435 88394
36436 88396
36437 88398
36438 88400
36440 5172
36442 24271
36444 5086
36446 58915
36448 4948
36450 58919
36452 4766
36454 58923
36456 4540
36458 58927
36460 4270
36462 58931
36464 3956
36466 58935
36468 3598
36470 58939
36472 3196
36474 2968
36476 5150
36491 230
36492 88456
36493 88458
36494 88460
36495 88462
36496 88464
36497 88466
36498 88468
36499 88470
36500 88472
36501 88474
36502 88476
36503 88478
36504 88480
36505 88482
36506 88484
36507 88486
36508 88488
36509 88490
36511 5212
36513 24277
36515 5098
36517 58969
36519 4960
36521 58973
36523 4778
36525 58977
36527 4552
36529 58981
36531 4282
36533 58985
36535 3968
36537 58989
36539 3610
36541 58993
36543 3208
36545 2980
36547 5153
36562 243
36563 88546
36564 88548
36565 88550
36566 88552
36567 88554
36568 88556
36569 88558
36570 88560
36571 88562
36572 88564
36573 88566
36574 88568
36575 88570
36576 88572
36577 88574
36578 88576
36579 88578
36580 88580
36582 5203
36584 24309
36586 5109
36588 59023
36590 4971
36592 59027
36594 4789
36596 59031
36598 4563
36600 59035
36602 4293
36604 59039
36606 3979
36608 59043
36610 3621
36612 59047
36614 3219
36616 2991
36618 5244
36633 256
36634 88636
36635 88638
36636 88640
36637 88642
36638 88644
36639 88646
36640 88648
36641 88650
36642 88652
36643 88654
36644 88656
36645 88658
36646 88660
36647 88662
36648 88664
36649 88666
36650 88668
36651 88670
36653 5215
36655 24315
36657 5121
36659 59077
36661 4983
36663 59081
36665 4801
36667 59085
36669 4575
36671 59089
36673 4305
36675 59093
36677 3991
36679 59097
36681 3633
36683 59101
36685 3231
36687 3003
36689 5247
36704 267
36705 88726
36706 88728
36707 88730
36708 88732
36709 88734
36710 88736
36711 88738
36712 88740
36713 88742
36714 88744
36715 88746
36716 88748
36717 88750
36718 88752
36719 88754
36720 88756
36721 88758
36722 88760
36724 5225
36726 54455
36728 5131
36730 59131
36732 4993
36734 59135
36736 4811
36738 59139
36740 4585
36742 59143
36744 4315
36746 59147
36748 4001
36750 59151
36752 3643
36754 59155
36756 3241
36758 3013
36760 5288
36775 278
36776 88816
36777 88818
36778 88820
36779 88822
36780 88824
36781 88826
36782 88828
36783 88830
36784 88832
36785 88834
36786 88836
36787 88838
36788 88840
36789 88842
36790 88844
36791 88846
36792 88848
36793 88850
36795 5235
36797 55694
36799 5141
36801 59185
36803 5003
36805 59189
36807 4821
36809 59193
36811 4595
36813 59197
36815 4325
36817 59201
36819 4011
36821 59205
36823 3653
36825 59209
36827 3251
36829 3023
36831 5291
36835 5520
36837 5494
36839 5468
36841 5442
36843 5416
36845 5390
36847 5364
36854 5297
36855 88930
36856 88932
36857 88934
36858 88936
36859 88938
36860 88940
36861 88942
36862 88944
36863 88946
36864 88948
36865 88950
36866 88952
36867 88954
36868 88956
36869 88958
36870 88960
36871 88962
36873 5521
36875 5508
36877 5495
36879 5482
36881 5469
36883 5456
36885 5443
36887 5430
36889 5417
36891 5404
36893 5391
36895 5378
36897 5365
36899 5352
36901 5339
36903 5326
36905 5313
36907 5300
36909 2798
36923 5304
36924 89016
36925 89018
36926 89020
36927 89022
36928 89024
36929 89026
36930 89028
36931 89030
36932 89032
36933 89034
36934 89036
36935 89038
36936 89040
36937 89042
36938 89044
36939 89046
36940 89048
36941 89050
36943 5726
36945 24616
36947 5705
36949 59241
36951 5684
36953 59245
36955 5663
36957 59249
36959 5642
36961 59253
36963 5621
36965 59257
36967 5600
36969 59261
36971 5579
36973 59265
36975 2803
36978 5556
36992 5317
36993 89103
36994 89105
36995 89107
36996 89109
36997 89111
36998 89113
36999 89115
37000 89117
37001 89119
37002 89121
37003 89123
37004 89125
37005 89127
37006 89129
37007 89131
37008 89133
37009 89135
37010 89137
37012 5927
37014 24622
37016 5904
37018 59296
37020 5881
37022 59300
37024 5858
37026 59304
37028 5835
37030 59308
37032 5812
37034 59312
37036 5789
37038 59316
37040 5766
37042 59320
37044 2815
37047 5559
37061 5330
37062 89190
37063 89192
37064 89194
37065 89196
37066 89198
37067 89200
37068 89202
37069 89204
37070 89206
37071 89208
37072 89210
37073 89212
37074 89214
37075 89216
37076 89218
37077 89220
37078 89222
37079 89224
37081 6108
37083 24846
37085 6087
37087 59351
37089 6066
37091 59355
37093 6045
37095 59359
37097 6024
37099 59363
37101 6003
37103 59367
37105 5982
37107 59371
37109 5757
37111 59375
37113 2827
37116 5959
37130 5343
37131 89277
37132 89279
37133 89281
37134 89283
37135 89285
37136 89287
37137 89289
37138 89291
37139 89293
37140 89295
37141 89297
37142 89299
37143 89301
37144 89303
37145 89305
37146 89307
37147 89309
37148 89311
37150 6286
37152 24852
37154 6263
37156 59406
37158 6240
37160 59410
37162 6217
37164 59414
37166 6194
37168 59418
37170 6171
37172 59422
37174 6148
37176 59426
37178 5769
37180 59430
37182 2838
37185 5962
37199 5356
37200 89364
37201 89366
37202 89368
37203 89370
37204 89372
37205 89374
37206 89376
37207 89378
37208 89380
37209 89382
37210 89384
37211 89386
37212 89388
37213 89390
37214 89392
37215 89394
37216 89396
37217 89398
37219 6446
37221 25049
37223 6425
37225 59461
37227 6404
37229 59465
37231 6383
37233 59469
37235 6362
37237 59473
37239 6341
37241 59477
37243 6139
37245 59481
37247 5780
37249 59485
37251 2850
37254 6318
37268 5369
37269 89451
37270 89453
37271 89455
37272 89457
37273 89459
37274 89461
37275 89463
37276 89465
37277 89467
37278 89469
37279 89471
37280 89473
37281 89475
37282 89477
37283 89479
37284 89481
37285 89483
37286 89485
37288 6601
37290 25055
37292 6578
37294 59516
37296 6555
37298 59520
37300 6532
37302 59524
37304 6509
37306 59528
37308 6486
37310 59532
37312 6151
37314 59536
37316 5792
37318 59540
37320 2861
37323 6321
37337 5382
37338 89538
37339 89540
37340 89542
37341 89544
37342 89546
37343 89548
37344 89550
37345 89552
37346 89554
37347 89556
37348 89558
37349 89560
37350 89562
37351 89564
37352 89566
37353 89568
37354 89570
37355 89572
37357 6740
37359 25223
37361 6719
37363 59571
37365 6698
37367 59575
37369 6677
37371 59579
37373 6656
37375 59583
37377 6477
37379 59587
37381 6162
37383 59591
37385 5803
37387 59595
37389 2873
37392 6633
37406 5395
37407 89625
37408 89627
37409 89629
37410 89631
37411 89633
37412 89635
37413 89637
37414 89639
37415 89641
37416 89643
37417 89645
37418 89647
37419 89649
37420 89651
37421 89653
37422 89655
37423 89657
37424 89659
37426 6872
37428 25229
37430 6849
37432 59626
37434 6826
37436 59630
37438 6803
37440 59634
37442 6780
37444 59638
37446 6489
37448 59642
37450 6174
37452 59646
37454 5815
37456 59650
37458 2884
37461 6636
37475 5408
37476 89712
37477 89714
37478 89716
37479 89718
37480 89720
37481 89722
37482 89724
37483 89726
37484 89728
37485 89730
37486 89732
37487 89734
37488 89736
37489 89738
37490 89740
37491 89742
37492 89744
37493 89746
37495 6990
37497 25370
37499 6969
37501 59681
37503 6948
37505 59685
37507 6927
37509 59689
37511 6771
37513 59693
37515 6500
37517 59697
37519 6185
37521 59701
37523 5826
37525 59705
37527 2896
37530 6904
37544 5421
37545 89799
37546 89801
37547 89803
37548 89805
37549 89807
37550 89809
37551 89811
37552 89813
37553 89815
37554 89817
37555 89819
37556 89821
37557 89823
37558 89825
37559 89827
37560 89829
37561 89831
37562 89833
37564 7099
37566 25376
37568 7076
37570 59736
37572 7053
37574 59740
37576 7030
37578 59744
37580 6783
37582 59748
37584 6512
37586 59752
37588 6197
37590 59756
37592 5838
37594 59760
37596 2907
37599 6907
37613 5434
37614 89886
37615 89888
37616 89890
37617 89892
37618 89894
37619 89896
37620 89898
37621 89900
37622 89902
37623 89904
37624 89906
37625 89908
37626 89910
37627 89912
37628 89914
37629 89916
37630 89918
37631 89920
37633 7196
37635 25488
37637 7175
37639 59791
37641 7154
37643 59795
37645 7021
37647 59799
37649 6794
37651 59803
37653 6523
37655 59807
37657 6208
37659 59811
37661 5849
37663 59815
37665 2919
37668 7131
37682 5447
37683 89973
37684 89975
37685 89977
37686 89979
37687 89981
37688 89983
37689 89985
37690 89987
37691 89989
37692 89991
37693 89993
37694 89995
37695 89997
37696 89999
37697 90001
37698 90003
37699 90005
37700 90007
37702 7282
37704 25494
37706 7259
37708 59846
37710 7236
37712 59850
37714 7033
37716 59854
37718 6806
37720 59858
37722 6535
37724 59862
37726 6220
37728 59866
37730 5861
37732 59870
37734 2930
37737 7134
37751 5460
37752 90060
37753 90062
37754 90064
37755 90066
37756 90068
37757 90070
37758 90072
37759 90074
37760 90076
37761 90078
37762 90080
37763 90082
37764 90084
37765 90086
37766 90088
37767 90090
37768 90092
37769 90094
37771 7358
37773 25579
37775 7337
37777 59901
37779 7227
37781 59905
37783 7044
37785 59909
37787 6817
37789 59913
37791 6546
37793 59917
37795 6231
37797 59921
37799 5872
37801 59925
37803 2942
37806 7314
37820 5473
37821 90147
37822 90149
37823 90151
37824 90153
37825 90155
37826 90157
37827 90159
37828 90161
37829 90163
37830 90165
37831 90167
37832 90169
37833 90171
37834 90173
37835 90175
37836 90177
37837 90179
37838 90181
37840 7421
37842 25585
37844 7398
37846 59956
37848 7239
37850 59960
37852 7056
37854 59964
37856 6829
37858 59968
37860 6558
37862 59972
37864 6243
37866 59976
37868 5884
37870 59980
37872 2953
37875 7317
37889 5486
37890 90234
37891 90236
37892 90238
37893 90240
37894 90242
37895 90244
37896 90246
37897 90248
37898 90250
37899 90252
37900 90254
37901 90256
37902 90258
37903 90260
37904 90262
37905 90264
37906 90266
37907 90268
37909 7476
37911 25641
37913 7389
37915 60011
37917 7250
37919 60015
37921 7067
37923 60019
37925 6840
37927 60023
37929 6569
37931 60027
37933 6254
37935 60031
37937 5895
37939 60035
37941 2965
37944 7453
37958 5499
37959 90321
37960 90323
37961 90325
37962 90327
37963 90329
37964 90331
37965 90333
37966 90335
37967 90337
37968 90339
37969 90341
37970 90343
37971 90345
37972 90347
37973 90349
37974 90351
37975 90353
37976 90355
37978 7516
37980 25647
37982 7401
37984 60066
37986 7262
37988 60070
37990 7079
37992 60074
37994 6852
37996 60078
37998 6581
38000 60082
38002 6266
38004 60086
38006 5907
38008 60090
38010 2976
38013 7456
38027 5512
38028 90408
38029 90410
38030 90412
38031 90414
38032 90416
38033 90418
38034 90420
38035 90422
38036 90424
38037 90426
38038 90428
38039 90430
38040 90432
38041 90434
38042 90436
38043 90438
38044 90440
38045 90442
38047 7507
38049 25679
38051 7412
38053 60121
38055 7273
38057 60125
38059 7090
38061 60129
38063 6863
38065 60133
38067 6592
38069 60137
38071 6277
38073 60141
38075 5918
38077 60145
38079 2988
38082 7548
38096 5525
38097 90495
38098 90497
38099 90499
38100 90501
38101 90503
38102 90505
38103 90507
38104 90509
38105 90511
38106 90513
38107 90515
38108 90517
38109 90519
38110 90521
38111 90523
38112 90525
38113 90527
38114 90529
38116 7519
38118 25685
38120 7424
38122 60176
38124 7285
38126 60180
38128 7102
38130 60184
38132 6875
38134 60188
38136 6604
38138 60192
38140 6289
38142 60196
38144 5930
38146 60200
38148 2999
38151 7551
38165 5536
38166 90582
38167 90584
38168 90586
38169 90588
38170 90590
38171 90592
38172 90594
38173 90596
38174 90598
38175 90600
38176 90602
38177 90604
38178 90606
38179 90608
38180 90610
38181 90612
38182 90614
38183 90616
38185 7529
38187 54536
38189 7434
38191 60231
38193 7295
38195 60235
38197 7112
38199 60239
38201 6885
38203 60243
38205 6614
38207 60247
38209 6299
38211 60251
38213 5940
38215 60255
38217 3011
38220 7593
38234 5547
38235 90669
38236 90671
38237 90673
38238 90675
38239 90677
38240 90679
38241 90681
38242 90683
38243 90685
38244 90687
38245 90689
38246 90691
38247 90693
38248 90695
38249 90697
38250 90699
38251 90701
38252 90703
38254 7539
38256 55775
38258 7444
38260 60286
38262 7305
38264 60290
38266 7122
38268 60294
38270 6895
38272 60298
38274 6624
38276 60302
38278 6309
38280 60306
38282 5950
38284 60310
38286 3021
38289 7596
38303 5307
38304 90756
38305 90758
38306 90760
38307 90762
38308 90764
38309 90766
38310 90768
38311 90770
38312 90772
38313 90774
38314 90776
38315 90778
38316 90780
38317 90782
38318 90784
38319 90786
38320 90788
38321 90790
38323 7791
38325 24633
38327 7768
38329 60341
38331 7745
38333 60345
38335 7722
38337 60349
38339 7699
38341 60353
38343 7676
38345 60357
38347 7653
38349 60361
38351 7630
38353 60365
38355 3031
38358 7606
38372 5320
38373 90843
38374 90845
38375 90847
38376 90849
38377 90851
38378 90853
38379 90855
38380 90857
38381 90859
38382 90861
38383 90863
38384 90865
38385 90867
38386 90869
38387 90871
38388 90873
38389 90875
38390 90877
38392 8010
38394 24639
38396 7985
38398 60396
38400 7960
38402 60400
38404 7935
38406 60404
38408 7910
38410 60408
38412 7885
38414 60412
38416 7860
38418 60416
38420 7835
38422 60420
38424 3043
38427 7609
38441 5333
38442 90930
38443 90932
38444 90934
38445 90936
38446 90938
38447 90940
38448 90942
38449 90944
38450 90946
38451 90948
38452 90950
38453 90952
38454 90954
38455 90956
38456 90958
38457 90960
38458 90962
38459 90964
38461 8207
38463 24863
38465 8184
38467 60451
38469 8161
38471 60455
38473 8138
38475 60459
38477 8115
38479 60463
38481 8092
38483 60467
38485 8069
38487 60471
38489 7825
38491 60475
38493 3055
38496 8045
38510 5346
38511 91017
38512 91019
38513 91021
38514 91023
38515 91025
38516 91027
38517 91029
38518 91031
38519 91033
38520 91035
38521 91037
38522 91039
38523 91041
38524 91043
38525 91045
38526 91047
38527 91049
38528 91051
38530 8401
38532 24869
38534 8376
38536 60506
38538 8351
38540 60510
38542 8326
38544 60514
38546 8301
38548 60518
38550 8276
38552 60522
38554 8251
38556 60526
38558 7838
38560 60530
38562 3066
38565 8048
38579 5359
38580 91104
38581 91106
38582 91108
38583 91110
38584 91112
38585 91114
38586 91116
38587 91118
38588 91120
38589 91122
38590 91124
38591 91126
38592 91128
38593 91130
38594 91132
38595 91134
38596 91136
38597 91138
38599 8575
38601 25066
38603 8552
38605 60561
38607 8529
38609 60565
38611 8506
38613 60569
38615 8483
38617 60573
38619 8460
38621 60577
38623 8241
38625 60581
38627 7850
38629 60585
38631 3078
38634 8436
38648 5372
38649 91191
38650 91193
38651 91195
38652 91197
38653 91199
38654 91201
38655 91203
38656 91205
38657 91207
38658 91209
38659 91211
38660 91213
38661 91215
38662 91217
38663 91219
38664 91221
38665 91223
38666 91225
38668 8744
38670 25072
38672 8719
38674 60616
38676 8694
38678 60620
38680 8669
38682 60624
38684 8644
38686 60628
38688 8619
38690 60632
38692 8254
38694 60636
38696 7863
38698 60640
38700 3089
38703 8439
38717 5385
38718 91278
38719 91280
38720 91282
38721 91284
38722 91286
38723 91288
38724 91290
38725 91292
38726 91294
38727 91296
38728 91298
38729 91300
38730 91302
38731 91304
38732 91306
38733 91308
38734 91310
38735 91312
38737 8895
38739 25240
38741 8872
38743 60671
38745 8849
38747 60675
38749 8826
38751 60679
38753 8803
38755 60683
38757 8609
38759 60687
38761 8266
38763 60691
38765 7875
38767 60695
38769 3101
38772 8779
38786 5398
38787 91365
38788 91367
38789 91369
38790 91371
38791 91373
38792 91375
38793 91377
38794 91379
38795 91381
38796 91383
38797 91385
38798 91387
38799 91389
38800 91391
38801 91393
38802 91395
38803 91397
38804 91399
38806 9039
38808 25246
38810 9014
38812 60726
38814 8989
38816 60730
38818 8964
38820 60734
38822 8939
38824 60738
38826 8622
38828 60742
38830 8279
38832 60746
38834 7888
38836 60750
38838 3112
38841 8782
38855 5411
38856 91452
38857 91454
38858 91456
38859 91458
38860 91460
38861 91462
38862 91464
38863 91466
38864 91468
38865 91470
38866 91472
38867 91474
38868 91476
38869 91478
38870 91480
38871 91482
38872 91484
38873 91486
38875 9167
38877 25387
38879 9144
38881 60781
38883 9121
38885 60785
38887 9098
38889 60789
38891 8929
38893 60793
38895 8634
38897 60797
38899 8291
38901 60801
38903 7900
38905 60805
38907 3124
38910 9074
38924 5424
38925 91539
38926 91541
38927 91543
38928 91545
38929 91547
38930 91549
38931 91551
38932 91553
38933 91555
38934 91557
38935 91559
38936 91561
38937 91563
38938 91565
38939 91567
38940 91569
38941 91571
38942 91573
38944 9286
38946 25393
38948 9261
38950 60836
38952 9236
38954 60840
38956 9211
38958 60844
38960 8942
38962 60848
38964 8647
38966 60852
38968 8304
38970 60856
38972 7913
38974 60860
38976 3135
38979 9077
38993 5437
38994 91626
38995 91628
38996 91630
38997 91632
38998 91634
38999 91636
39000 91638
39001 91640
39002 91642
39003 91644
39004 91646
39005 91648
39006 91650
39007 91652
39008 91654
39009 91656
39010 91658
39011 91660
39013 9391
39015 25505
39017 9368
39019 60891
39021 9345
39023 60895
39025 9201
39027 60899
39029 8954
39031 60903
39033 8659
39035 60907
39037 8316
39039 60911
39041 7925
39043 60915
39045 3147
39048 9321
39062 5450
39063 91713
39064 91715
39065 91717
39066 91719
39067 91721
39068 91723
39069 91725
39070 91727
39071 91729
39072 91731
39073 91733
39074 91735
39075 91737
39076 91739
39077 91741
39078 91743
39079 91745
39080 91747
39082 9485
39084 25511
39086 9460
39088 60946
39090 9435
39092 60950
39094 9214
39096 60954
39098 8967
39100 60958
39102 8672
39104 60962
39106 8329
39108 60966
39110 7938
39112 60970
39114 3158
39117 9324
39131 5463
39132 91800
39133 91802
39134 91804
39135 91806
39136 91808
39137 91810
39138 91812
39139 91814
39140 91816
39141 91818
39142 91820
39143 91822
39144 91824
39145 91826
39146 91828
39147 91830
39148 91832
39149 91834
39151 9567
39153 25596
39155 9544
39157 61001
39159 9425
39161 61005
39163 9226
39165 61009
39167 8979
39169 61013
39171 8684
39173 61017
39175 8341
39177 61021
39179 7950
39181 61025
39183 3170
39186 9520
39200 5476
39201 91887
39202 91889
39203 91891
39204 91893
39205 91895
39206 91897
39207 91899
39208 91901
39209 91903
39210 91905
39211 91907
39212 91909
39213 91911
39214 91913
39215 91915
39216 91917
39217 91919
39218 91921
39220 9636
39222 25602
39224 9611
39226 61056
39228 9438
39230 61060
39232 9239
39234 61064
39236 8992
39238 61068
39240 8697
39242 61072
39244 8354
39246 61076
39248 7963
39250 61080
39252 3181
39255 9523
39269 5489
39270 91974
39271 91976
39272 91978
39273 91980
39274 91982
39275 91984
39276 91986
39277 91988
39278 91990
39279 91992
39280 91994
39281 91996
39282 91998
39283 92000
39284 92002
39285 92004
39286 92006
39287 92008
39289 9695
39291 25658
39293 9601
39295 61111
39297 9450
39299 61115
39301 9251
39303 61119
39305 9004
39307 61123
39309 8709
39311 61127
39313 8366
39315 61131
39317 7975
39319 61135
39321 3193
39324 9671
39338 5502
39339 92061
39340 92063
39341 92065
39342 92067
39343 92069
39344 92071
39345 92073
39346 92075
39347 92077
39348 92079
39349 92081
39350 92083
39351 92085
39352 92087
39353 92089
39354 92091
39355 92093
39356 92095
39358 9739
39360 25664
39362 9614
39364 61166
39366 9463
39368 61170
39370 9264
39372 61174
39374 9017
39376 61178
39378 8722
39380 61182
39382 8379
39384 61186
39386 7988
39388 61190
39390 3204
39393 9674
39407 5515
39408 92148
39409 92150
39410 92152
39411 92154
39412 92156
39413 92158
39414 92160
39415 92162
39416 92164
39417 92166
39418 92168
39419 92170
39420 92172
39421 92174
39422 92176
39423 92178
39424 92180
39425 92182
39427 9729
39429 25696
39431 9626
39433 61221
39435 9475
39437 61225
39439 9276
39441 61229
39443 9029
39445 61233
39447 8734
39449 61237
39451 8391
39453 61241
39455 8000
39457 61245
39459 3216
39462 9774
39476 5528
39477 92235
39478 92237
39479 92239
39480 92241
39481 92243
39482 92245
39483 92247
39484 92249
39485 92251
39486 92253
39487 92255
39488 92257
39489 92259
39490 92261
39491 92263
39492 92265
39493 92267
39494 92269
39496 9742
39498 25702
39500 9639
39502 61276
39504 9488
39506 61280
39508 9289
39510 61284
39512 9042
39514 61288
39516 8747
39518 61292
39520 8404
39522 61296
39524 8013
39526 61300
39528 3227
39531 9777
39545 5539
39546 92322
39547 92324
39548 92326
39549 92328
39550 92330
39551 92332
39552 92334
39553 92336
39554 92338
39555 92340
39556 92342
39557 92344
39558 92346
39559 92348
39560 92350
39561 92352
39562 92354
39563 92356
39565 9753
39567 54541
39569 9650
39571 61331
39573 9499
39575 61335
39577 9300
39579 61339
39581 9053
39583 61343
39585 8758
39587 61347
39589 8415
39591 61351
39593 8024
39595 61355
39597 3239
39600 9823
39614 5550
39615 92409
39616 92411
39617 92413
39618 92415
39619 92417
39620 92419
39621 92421
39622 92423
39623 92425
39624 92427
39625 92429
39626 92431
39627 92433
39628 92435
39629 92437
39630 92439
39631 92441
39632 92443
39634 9764
39636 55780
39638 9661
39640 61386
39642 9510
39644 61390
39646 9311
39648 61394
39650 9064
39652 61398
39654 8769
39656 61402
39658 8426
39660 61406
39662 8035
39664 61410
39666 3249
39669 9826
39673 10030
39675 10004
39677 9978
39679 9952
39681 9926
39683 9900
39685 9874
39692 5553
39693 92522
39694 92524
39695 92526
39696 92528
39697 92530
39698 92532
39699 92534
39700 92536
39701 92538
39702 92540
39703 92542
39704 92544
39705 92546
39706 92548
39707 92550
39708 92552
39709 92554
39711 10031
39713 10018
39715 10005
39717 9992
39719 9979
39721 9966
39723 9953
39725 9940
39727 9927
39729 9914
39731 9901
39733 9888
39735 9875
39737 9862
39739 9849
39741 9836
39743 7612
39745 5562
39747 3266
39758 61467
39761 9840
39762 92608
39763 92610
39764 92612
39765 92614
39766 92616
39767 92618
39768 92620
39769 92622
39770 92624
39771 92626
39772 92628
39773 92630
39774 92632
39775 92634
39776 92636
39777 92638
39778 92640
39779 92642
39781 10215
39783 25958
39785 10194
39787 61443
39789 10173
39791 61447
39793 10152
39795 61451
39797 10131
39799 61455
39801 10110
39803 61459
39805 10089
39807 61463
39809 7623
39811 5568
39813 3271
39816 10066
39827 61525
39830 9853
39831 92695
39832 92697
39833 92699
39834 92701
39835 92703
39836 92705
39837 92707
39838 92709
39839 92711
39840 92713
39841 92715
39842 92717
39843 92719
39844 92721
39845 92723
39846 92725
39847 92727
39848 92729
39850 10393
39852 25964
39854 10370
39856 61501
39858 10347
39860 61505
39862 10324
39864 61509
39866 10301
39868 61513
39870 10278
39872 61517
39874 10255
39876 61521
39878 7635
39880 5578
39882 3281
39885 10069
39896 61583
39899 9866
39900 92782
39901 92784
39902 92786
39903 92788
39904 92790
39905 92792
39906 92794
39907 92796
39908 92798
39909 92800
39910 92802
39911 92804
39912 92806
39913 92808
39914 92810
39915 92812
39916 92814
39917 92816
39919 10553
39921 26160
39923 10532
39925 61559
39927 10511
39929 61563
39931 10490
39933 61567
39935 10469
39937 61571
39939 10448
39941 61575
39943 10246
39945 61579
39947 7646
39949 5589
39951 3292
39954 10425
39965 61641
39968 9879
39969 92869
39970 92871
39971 92873
39972 92875
39973 92877
39974 92879
39975 92881
39976 92883
39977 92885
39978 92887
39979 92889
39980 92891
39981 92893
39982 92895
39983 92897
39984 92899
39985 92901
39986 92903
39988 10708
39990 26166
39992 10685
39994 61617
39996 10662
39998 61621
40000 10639
40002 61625
40004 10616
40006 61629
40008 10593
40010 61633
40012 10258
40014 61637
40016 7658
40018 5599
40020 3302
40023 10428
40034 61699
40037 9892
40038 92956
40039 92958
40040 92960
40041 92962
40042 92964
40043 92966
40044 92968
40045 92970
40046 92972
40047 92974
40048 92976
40049 92978
40050 92980
40051 92982
40052 92984
40053 92986
40054 92988
40055 92990
40057 10847
40059 26334
40061 10826
40063 61675
40065 10805
40067 61679
40069 10784
40071 61683
40073 10763
40075 61687
40077 10584
40079 61691
40081 10269
40083 61695
40085 7669
40087 5610
40089 3313
40092 10740
40103 61757
40106 9905
40107 93043
40108 93045
40109 93047
40110 93049
40111 93051
40112 93053
40113 93055
40114 93057
40115 93059
40116 93061
40117 93063
40118 93065
40119 93067
40120 93069
40121 93071
40122 93073
40123 93075
40124 93077
40126 10979
40128 26340
40130 10956
40132 61733
40134 10933
40136 61737
40138 10910
40140 61741
40142 10887
40144 61745
40146 10596
40148 61749
40150 10281
40152 61753
40154 7681
40156 5620
40158 3323
40161 10743
40172 61815
40175 9918
40176 93130
40177 93132
40178 93134
40179 93136
40180 93138
40181 93140
40182 93142
40183 93144
40184 93146
40185 93148
40186 93150
40187 93152
40188 93154
40189 93156
40190 93158
40191 93160
40192 93162
40193 93164
40195 11097
40197 26482
40199 11076
40201 61791
40203 11055
40205 61795
40207 11034
40209 61799
40211 10878
40213 61803
40215 10607
40217 61807
40219 10292
40221 61811
40223 7692
40225 5631
40227 3334
40230 11011
40241 61873
40244 9931
40245 93217
40246 93219
40247 93221
40248 93223
40249 93225
40250 93227
40251 93229
40252 93231
40253 93233
40254 93235
40255 93237
40256 93239
40257 93241
40258 93243
40259 93245
40260 93247
40261 93249
40262 93251
40264 11206
40266 26488
40268 11183
40270 61849
40272 11160
40274 61853
40276 11137
40278 61857
40280 10890
40282 61861
40284 10619
40286 61865
40288 10304
40290 61869
40292 7704
40294 5641
40296 3344
40299 11014
40310 61931
40313 9944
40314 93304
40315 93306
40316 93308
40317 93310
40318 93312
40319 93314
40320 93316
40321 93318
40322 93320
40323 93322
40324 93324
40325 93326
40326 93328
40327 93330
40328 93332
40329 93334
40330 93336
40331 93338
40333 11303
40335 26600
40337 11282
40339 61907
40341 11261
40343 61911
40345 11128
40347 61915
40349 10901
40351 61919
40353 10630
40355 61923
40357 10315
40359 61927
40361 7715
40363 5652
40365 3355
40368 11238
40379 61989
40382 9957
40383 93391
40384 93393
40385 93395
40386 93397
40387 93399
40388 93401
40389 93403
40390 93405
40391 93407
40392 93409
40393 93411
40394 93413
40395 93415
40396 93417
40397 93419
40398 93421
40399 93423
40400 93425
40402 11389
40404 26606
40406 11366
40408 61965
40410 11343
40412 61969
40414 11140
40416 61973
40418 10913
40420 61977
40422 10642
40424 61981
40426 10327
40428 61985
40430 7727
40432 5662
40434 3365
40437 11241
40448 62047
40451 9970
40452 93478
40453 93480
40454 93482
40455 93484
40456 93486
40457 93488
40458 93490
40459 93492
40460 93494
40461 93496
40462 93498
40463 93500
40464 93502
40465 93504
40466 93506
40467 93508
40468 93510
40469 93512
40471 11465
40473 26692
40475 11444
40477 62023
40479 11334
40481 62027
40483 11151
40485 62031
40487 10924
40489 62035
40491 10653
40493 62039
40495 10338
40497 62043
40499 7738
40501 5673
40503 3376
40506 11421
40517 62105
40520 9983
40521 93565
40522 93567
40523 93569
40524 93571
40525 93573
40526 93575
40527 93577
40528 93579
40529 93581
40530 93583
40531 93585
40532 93587
40533 93589
40534 93591
40535 93593
40536 93595
40537 93597
40538 93599
40540 11528
40542 26698
40544 11505
40546 62081
40548 11346
40550 62085
40552 11163
40554 62089
40556 10936
40558 62093
40560 10665
40562 62097
40564 10350
40566 62101
40568 7750
40570 5683
40572 3386
40575 11424
40586 62163
40589 9996
40590 93652
40591 93654
40592 93656
40593 93658
40594 93660
40595 93662
40596 93664
40597 93666
40598 93668
40599 93670
40600 93672
40601 93674
40602 93676
40603 93678
40604 93680
40605 93682
40606 93684
40607 93686
40609 11583
40611 26754
40613 11496
40615 62139
40617 11357
40619 62143
40621 11174
40623 62147
40625 10947
40627 62151
40629 10676
40631 62155
40633 10361
40635 62159
40637 7761
40639 5694
40641 3397
40644 11560
40655 62221
40658 10009
40659 93739
40660 93741
40661 93743
40662 93745
40663 93747
40664 93749
40665 93751
40666 93753
40667 93755
40668 93757
40669 93759
40670 93761
40671 93763
40672 93765
40673 93767
40674 93769
40675 93771
40676 93773
40678 11623
40680 26760
40682 11508
40684 62197
40686 11369
40688 62201
40690 11186
40692 62205
40694 10959
40696 62209
40698 10688
40700 62213
40702 10373
40704 62217
40706 7773
40708 5704
40710 3407
40713 11563
40724 62279
40727 10022
40728 93826
40729 93828
40730 93830
40731 93832
40732 93834
40733 93836
40734 93838
40735 93840
40736 93842
40737 93844
40738 93846
40739 93848
40740 93850
40741 93852
40742 93854
40743 93856
40744 93858
40745 93860
40747 11614
40749 26792
40751 11519
40753 62255
40755 11380
40757 62259
40759 11197
40761 62263
40763 10970
40765 62267
40767 10699
40769 62271
40771 10384
40773 62275
40775 7784
40777 5715
40779 3418
40782 11655
40793 62337
40796 10035
40797 93913
40798 93915
40799 93917
40800 93919
40801 93921
40802 93923
40803 93925
40804 93927
40805 93929
40806 93931
40807 93933
40808 93935
40809 93937
40810 93939
40811 93941
40812 93943
40813 93945
40814 93947
40816 11626
40818 26798
40820 11531
40822 62313
40824 11392
40826 62317
40828 11209
40830 62321
40832 10982
40834 62325
40836 10711
40838 62329
40840 10396
40842 62333
40844 7796
40846 5725
40848 3428
40851 11658
40862 62395
40865 10046
40866 94000
40867 94002
40868 94004
40869 94006
40870 94008
40871 94010
40872 94012
40873 94014
40874 94016
40875 94018
40876 94020
40877 94022
40878 94024
40879 94026
40880 94028
40881 94030
40882 94032
40883 94034
40885 11636
40887 54611
40889 11541
40891 62371
40893 11402
40895 62375
40897 11219
40899 62379
40901 10992
40903 62383
40905 10721
40907 62387
40909 10406
40911 62391
40913 7806
40915 5736
40917 3439
40920 11700
40931 62453
40934 10057
40935 94087
40936 94089
40937 94091
40938 94093
40939 94095
40940 94097
40941 94099
40942 94101
40943 94103
40944 94105
40945 94107
40946 94109
40947 94111
40948 94113
40949 94115
40950 94117
40951 94119
40952 94121
40954 11646
40956 55850
40958 11551
40960 62429
40962 11412
40964 62433
40966 11229
40968 62437
40970 11002
40972 62441
40974 10731
40976 62445
40978 10416
40980 62449
40982 7816
40984 5745
40986 3448
40989 11703
41000 62511
41003 9843
41004 94174
41005 94176
41006 94178
41007 94180
41008 94182
41009 94184
41010 94186
41011 94188
41012 94190
41013 94192
41014 94194
41015 94196
41016 94198
41017 94200
41018 94202
41019 94204
41020 94206
41021 94208
41023 11875
41025 25975
41027 11852
41029 62487
41031 11829
41033 62491
41035 11806
41037 62495
41039 11783
41041 62499
41043 11760
41045 62503
41047 11737
41049 62507
41051 7828
41053 5754
41055 3457
41058 11713
41069 62569
41072 9856
41073 94261
41074 94263
41075 94265
41076 94267
41077 94269
41078 94271
41079 94273
41080 94275
41081 94277
41082 94279
41083 94281
41084 94283
41085 94285
41086 94287
41087 94289
41088 94291
41089 94293
41090 94295
41092 12069
41094 25981
41096 12044
41098 62545
41100 12019
41102 62549
41104 11994
41106 62553
41108 11969
41110 62557
41112 11944
41114 62561
41116 11919
41118 62565
41120 7841
41122 5765
41124 3468
41127 11716
41138 62627
41141 9869
41142 94348
41143 94350
41144 94352
41145 94354
41146 94356
41147 94358
41148 94360
41149 94362
41150 94364
41151 94366
41152 94368
41153 94370
41154 94372
41155 94374
41156 94376
41157 94378
41158 94380
41159 94382
41161 12243
41163 26177
41165 12220
41167 62603
41169 12197
41171 62607
41173 12174
41175 62611
41177 12151
41179 62615
41181 12128
41183 62619
41185 11909
41187 62623
41189 7853
41191 5777
41193 3480
41196 12104
41207 62685
41210 9882
41211 94435
41212 94437
41213 94439
41214 94441
41215 94443
41216 94445
41217 94447
41218 94449
41219 94451
41220 94453
41221 94455
41222 94457
41223 94459
41224 94461
41225 94463
41226 94465
41227 94467
41228 94469
41230 12412
41232 26183
41234 12387
41236 62661
41238 12362
41240 62665
41242 12337
41244 62669
41246 12312
41248 62673
41250 12287
41252 62677
41254 11922
41256 62681
41258 7866
41260 5788
41262 3491
41265 12107
41276 62743
41279 9895
41280 94522
41281 94524
41282 94526
41283 94528
41284 94530
41285 94532
41286 94534
41287 94536
41288 94538
41289 94540
41290 94542
41291 94544
41292 94546
41293 94548
41294 94550
41295 94552
41296 94554
41297 94556
41299 12563
41301 26351
41303 12540
41305 62719
41307 12517
41309 62723
41311 12494
41313 62727
41315 12471
41317 62731
41319 12277
41321 62735
41323 11934
41325 62739
41327 7878
41329 5800
41331 3503
41334 12447
41345 62801
41348 9908
41349 94609
41350 94611
41351 94613
41352 94615
41353 94617
41354 94619
41355 94621
41356 94623
41357 94625
41358 94627
41359 94629
41360 94631
41361 94633
41362 94635
41363 94637
41364 94639
41365 94641
41366 94643
41368 12707
41370 26357
41372 12682
41374 62777
41376 12657
41378 62781
41380 12632
41382 62785
41384 12607
41386 62789
41388 12290
41390 62793
41392 11947
41394 62797
41396 7891
41398 5811
41400 3514
41403 12450
41414 62859
41417 9921
41418 94696
41419 94698
41420 94700
41421 94702
41422 94704
41423 94706
41424 94708
41425 94710
41426 94712
41427 94714
41428 94716
41429 94718
41430 94720
41431 94722
41432 94724
41433 94726
41434 94728
41435 94730
41437 12835
41439 26499
41441 12812
41443 62835
41445 12789
41447 62839
41449 12766
41451 62843
41453 12597
41455 62847
41457 12302
41459 62851
41461 11959
41463 62855
41465 7903
41467 5823
41469 3526
41472 12742
41483 62917
41486 9934
41487 94783
41488 94785
41489 94787
41490 94789
41491 94791
41492 94793
41493 94795
41494 94797
41495 94799
41496 94801
41497 94803
41498 94805
41499 94807
41500 94809
41501 94811
41502 94813
41503 94815
41504 94817
41506 12954
41508 26505
41510 12929
41512 62893
41514 12904
41516 62897
41518 12879
41520 62901
41522 12610
41524 62905
41526 12315
41528 62909
41530 11972
41532 62913
41534 7916
41536 5834
41538 3537
41541 12745
41552 62975
41555 9947
41556 94870
41557 94872
41558 94874
41559 94876
41560 94878
41561 94880
41562 94882
41563 94884
41564 94886
41565 94888
41566 94890
41567 94892
41568 94894
41569 94896
41570 94898
41571 94900
41572 94902
41573 94904
41575 13059
41577 26617
41579 13036
41581 62951
41583 13013
41585 62955
41587 12869
41589 62959
41591 12622
41593 62963
41595 12327
41597 62967
41599 11984
41601 62971
41603 7928
41605 5846
41607 3549
41610 12989
41621 63033
41624 9960
41625 94957
41626 94959
41627 94961
41628 94963
41629 94965
41630 94967
41631 94969
41632 94971
41633 94973
41634 94975
41635 94977
41636 94979
41637 94981
41638 94983
41639 94985
41640 94987
41641 94989
41642 94991
41644 13153
41646 26623
41648 13128
41650 63009
41652 13103
41654 63013
41656 12882
41658 63017
41660 12635
41662 63021
41664 12340
41666 63025
41668 11997
41670 63029
41672 7941
41674 5857
41676 3560
41679 12992
41690 63091
41693 9973
41694 95044
41695 95046
41696 95048
41697 95050
41698 95052
41699 95054
41700 95056
41701 95058
41702 95060
41703 95062
41704 95064
41705 95066
41706 95068
41707 95070
41708 95072
41709 95074
41710 95076
41711 95078
41713 13235
41715 26709
41717 13212
41719 63067
41721 13093
41723 63071
41725 12894
41727 63075
41729 12647
41731 63079
41733 12352
41735 63083
41737 12009
41739 63087
41741 7953
41743 5869
41745 3572
41748 13188
41759 63149
41762 9986
41763 95131
41764 95133
41765 95135
41766 95137
41767 95139
41768 95141
41769 95143
41770 95145
41771 95147
41772 95149
41773 95151
41774 95153
41775 95155
41776 95157
41777 95159
41778 95161
41779 95163
41780 95165
41782 13304
41784 26715
41786 13279
41788 63125
41790 13106
41792 63129
41794 12907
41796 63133
41798 12660
41800 63137
41802 12365
41804 63141
41806 12022
41808 63145
41810 7966
41812 5880
41814 3583
41817 13191
41828 63207
41831 9999
41832 95218
41833 95220
41834 95222
41835 95224
41836 95226
41837 95228
41838 95230
41839 95232
41840 95234
41841 95236
41842 95238
41843 95240
41844 95242
41845 95244
41846 95246
41847 95248
41848 95250
41849 95252
41851 13363
41853 26771
41855 13269
41857 63183
41859 13118
41861 63187
41863 12919
41865 63191
41867 12672
41869 63195
41871 12377
41873 63199
41875 12034
41877 63203
41879 7978
41881 5892
41883 3595
41886 13339
41897 63265
41900 10012
41901 95305
41902 95307
41903 95309
41904 95311
41905 95313
41906 95315
41907 95317
41908 95319
41909 95321
41910 95323
41911 95325
41912 95327
41913 95329
41914 95331
41915 95333
41916 95335
41917 95337
41918 95339
41920 13407
41922 26777
41924 13282
41926 63241
41928 13131
41930 63245
41932 12932
41934 63249
41936 12685
41938 63253
41940 12390
41942 63257
41944 12047
41946 63261
41948 7991
41950 5903
41952 3606
41955 13342
41966 63323
41969 10025
41970 95392
41971 95394
41972 95396
41973 95398
41974 95400
41975 95402
41976 95404
41977 95406
41978 95408
41979 95410
41980 95412
41981 95414
41982 95416
41983 95418
41984 95420
41985 95422
41986 95424
41987 95426
41989 13397
41991 26809
41993 13294
41995 63299
41997 13143
41999 63303
42001 12944
42003 63307
42005 12697
42007 63311
42009 12402
42011 63315
42013 12059
42015 63319
42017 8003
42019 5915
42021 3618
42024 13442
42035 63381
42038 10038
42039 95479
42040 95481
42041 95483
42042 95485
42043 95487
42044 95489
42045 95491
42046 95493
42047 95495
42048 95497
42049 95499
42050 95501
42051 95503
42052 95505
42053 95507
42054 95509
42055 95511
42056 95513
42058 13410
42060 26815
42062 13307
42064 63357
42066 13156
42068 63361
42070 12957
42072 63365
42074 12710
42076 63369
42078 12415
42080 63373
42082 12072
42084 63377
42086 8016
42088 5926
42090 3629
42093 13445
42104 63439
42107 10049
42108 95566
42109 95568
42110 95570
42111 95572
42112 95574
42113 95576
42114 95578
42115 95580
42116 95582
42117 95584
42118 95586
42119 95588
42120 95590
42121 95592
42122 95594
42123 95596
42124 95598
42125 95600
42127 13421
42129 54616
42131 13318
42133 63415
42135 13167
42137 63419
42139 12968
42141 63423
42143 12721
42145 63427
42147 12426
42149 63431
42151 12083
42153 63435
42155 8027
42157 5938
42159 3641
42162 13491
42173 63497
42176 10060
42177 95653
42178 95655
42179 95657
42180 95659
42181 95661
42182 95663
42183 95665
42184 95667
42185 95669
42186 95671
42187 95673
42188 95675
42189 95677
42190 95679
42191 95681
42192 95683
42193 95685
42194 95687
42196 13432
42198 55855
42200 13329
42202 63473
42204 13178
42206 63477
42208 12979
42210 63481
42212 12732
42214 63485
42216 12437
42218 63489
42220 12094
42222 63493
42224 8038
42226 5948
42228 3651
42231 13494
42235 13672
42237 13646
42239 13620
42241 13594
42243 13568
42245 13542
42247 13516
42254 5957
42255 95766
42256 95768
42257 95770
42258 95772
42259 95774
42260 95776
42261 95778
42262 95780
42263 95782
42264 95784
42265 95786
42266 95788
42267 95790
42268 95792
42269 95794
42270 95796
42271 95798
42273 13673
42275 13660
42277 13647
42279 13634
42281 13621
42283 13608
42285 13595
42287 13582
42289 13569
42291 13556
42293 13543
42295 13530
42297 13517
42299 13504
42301 11719
42303 10072
42305 8051
42307 5965
42309 3668
42319 63553
42320 63557
42323 13508
42324 95852
42325 95854
42326 95856
42327 95858
42328 95860
42329 95862
42330 95864
42331 95866
42332 95868
42333 95870
42334 95872
42335 95874
42336 95876
42337 95878
42338 95880
42339 95882
42340 95884
42341 95886
42343 13836
42345 27047
42347 13815
42349 63533
42351 13794
42353 63537
42355 13773
42357 63541
42359 13752
42361 63545
42363 13731
42365 63549
42367 11730
42369 10078
42371 8062
42373 5971
42375 3673
42378 13708
42388 63614
42389 63618
42392 13521
42393 95939
42394 95941
42395 95943
42396 95945
42397 95947
42398 95949
42399 95951
42400 95953
42401 95955
42402 95957
42403 95959
42404 95961
42405 95963
42406 95965
42407 95967
42408 95969
42409 95971
42410 95973
42412 13991
42414 27053
42416 13968
42418 63594
42420 13945
42422 63598
42424 13922
42426 63602
42428 13899
42430 63606
42432 13876
42434 63610
42436 11742
42438 10088
42440 8074
42442 5981
42444 3683
42447 13711
42457 63675
42458 63679
42461 13534
42462 96026
42463 96028
42464 96030
42465 96032
42466 96034
42467 96036
42468 96038
42469 96040
42470 96042
42471 96044
42472 96046
42473 96048
42474 96050
42475 96052
42476 96054
42477 96056
42478 96058
42479 96060
42481 14130
42483 27221
42485 14109
42487 63655
42489 14088
42491 63659
42493 14067
42495 63663
42497 14046
42499 63667
42501 13867
42503 63671
42505 11753
42507 10099
42509 8085
42511 5992
42513 3694
42516 14023
42526 63736
42527 63740
42530 13547
42531 96113
42532 96115
42533 96117
42534 96119
42535 96121
42536 96123
42537 96125
42538 96127
42539 96129
42540 96131
42541 96133
42542 96135
42543 96137
42544 96139
42545 96141
42546 96143
42547 96145
42548 96147
42550 14262
42552 27227
42554 14239
42556 63716
42558 14216
42560 63720
42562 14193
42564 63724
42566 14170
42568 63728
42570 13879
42572 63732
42574 11765
42576 10109
42578 8097
42580 6002
42582 3704
42585 14026
42595 63797
42596 63801
42599 13560
42600 96200
42601 96202
42602 96204
42603 96206
42604 96208
42605 96210
42606 96212
42607 96214
42608 96216
42609 96218
42610 96220
42611 96222
42612 96224
42613 96226
42614 96228
42615 96230
42616 96232
42617 96234
42619 14380
42621 27368
42623 14359
42625 63777
42627 14338
42629 63781
42631 14317
42633 63785
42635 14161
42637 63789
42639 13890
42641 63793
42643 11776
42645 10120
42647 8108
42649 6013
42651 3715
42654 14294
42664 63858
42665 63862
42668 13573
42669 96287
42670 96289
42671 96291
42672 96293
42673 96295
42674 96297
42675 96299
42676 96301
42677 96303
42678 96305
42679 96307
42680 96309
42681 96311
42682 96313
42683 96315
42684 96317
42685 96319
42686 96321
42688 14489
42690 27374
42692 14466
42694 63838
42696 14443
42698 63842
42700 14420
42702 63846
42704 14173
42706 63850
42708 13902
42710 63854
42712 11788
42714 10130
42716 8120
42718 6023
42720 3725
42723 14297
42733 63919
42734 63923
42737 13586
42738 96374
42739 96376
42740 96378
42741 96380
42742 96382
42743 96384
42744 96386
42745 96388
42746 96390
42747 96392
42748 96394
42749 96396
42750 96398
42751 96400
42752 96402
42753 96404
42754 96406
42755 96408
42757 14586
42759 27486
42761 14565
42763 63899
42765 14544
42767 63903
42769 14411
42771 63907
42773 14184
42775 63911
42777 13913
42779 63915
42781 11799
42783 10141
42785 8131
42787 6034
42789 3736
42792 14521
42802 63980
42803 63984
42806 13599
42807 96461
42808 96463
42809 96465
42810 96467
42811 96469
42812 96471
42813 96473
42814 96475
42815 96477
42816 96479
42817 96481
42818 96483
42819 96485
42820 96487
42821 96489
42822 96491
42823 96493
42824 96495
42826 14672
42828 27492
42830 14649
42832 63960
42834 14626
42836 63964
42838 14423
42840 63968
42842 14196
42844 63972
42846 13925
42848 63976
42850 11811
42852 10151
42854 8143
42856 6044
42858 3746
42861 14524
42871 64041
42872 64045
42875 13612
42876 96548
42877 96550
42878 96552
42879 96554
42880 96556
42881 96558
42882 96560
42883 96562
42884 96564
42885 96566
42886 96568
42887 96570
42888 96572
42889 96574
42890 96576
42891 96578
42892 96580
42893 96582
42895 14748
42897 27577
42899 14727
42901 64021
42903 14617
42905 64025
42907 14434
42909 64029
42911 14207
42913 64033
42915 13936
42917 64037
42919 11822
42921 10162
42923 8154
42925 6055
42927 3757
42930 14704
42940 64102
42941 64106
42944 13625
42945 96635
42946 96637
42947 96639
42948 96641
42949 96643
42950 96645
42951 96647
42952 96649
42953 96651
42954 96653
42955 96655
42956 96657
42957 96659
42958 96661
42959 96663
42960 96665
42961 96667
42962 96669
42964 14811
42966 27583
42968 14788
42970 64082
42972 14629
42974 64086
42976 14446
42978 64090
42980 14219
42982 64094
42984 13948
42986 64098
42988 11834
42990 10172
42992 8166
42994 6065
42996 3767
42999 14707
43009 64163
43010 64167
43013 13638
43014 96722
43015 96724
43016 96726
43017 96728
43018 96730
43019 96732
43020 96734
43021 96736
43022 96738
43023 96740
43024 96742
43025 96744
43026 96746
43027 96748
43028 96750
43029 96752
43030 96754
43031 96756
43033 14866
43035 27639
43037 14779
43039 64143
43041 14640
43043 64147
43045 14457
43047 64151
43049 14230
43051 64155
43053 13959
43055 64159
43057 11845
43059 10183
43061 8177
43063 6076
43065 3778
43068 14843
43078 64224
43079 64228
43082 13651
43083 96809
43084 96811
43085 96813
43086 96815
43087 96817
43088 96819
43089 96821
43090 96823
43091 96825
43092 96827
43093 96829
43094 96831
43095 96833
43096 96835
43097 96837
43098 96839
43099 96841
43100 96843
43102 14906
43104 27645
43106 14791
43108 64204
43110 14652
43112 64208
43114 14469
43116 64212
43118 14242
43120 64216
43122 13971
43124 64220
43126 11857
43128 10193
43130 8189
43132 6086
43134 3788
43137 14846
43147 64285
43148 64289
43151 13664
43152 96896
43153 96898
43154 96900
43155 96902
43156 96904
43157 96906
43158 96908
43159 96910
43160 96912
43161 96914
43162 96916
43163 96918
43164 96920
43165 96922
43166 96924
43167 96926
43168 96928
43169 96930
43171 14897
43173 27677
43175 14802
43177 64265
43179 14663
43181 64269
43183 14480
43185 64273
43187 14253
43189 64277
43191 13982
43193 64281
43195 11868
43197 10204
43199 8200
43201 6097
43203 3799
43206 14938
43216 64346
43217 64350
43220 13677
43221 96983
43222 96985
43223 96987
43224 96989
43225 96991
43226 96993
43227 96995
43228 96997
43229 96999
43230 97001
43231 97003
43232 97005
43233 97007
43234 97009
43235 97011
43236 97013
43237 97015
43238 97017
43240 14909
43242 27683
43244 14814
43246 64326
43248 14675
43250 64330
43252 14492
43254 64334
43256 14265
43258 64338
43260 13994
43262 64342
43264 11880
43266 10214
43268 8212
43270 6107
43272 3809
43275 14941
43285 64407
43286 64411
43289 13688
43290 97070
43291 97072
43292 97074
43293 97076
43294 97078
43295 97080
43296 97082
43297 97084
43298 97086
43299 97088
43300 97090
43301 97092
43302 97094
43303 97096
43304 97098
43305 97100
43306 97102
43307 97104
43309 14919
43311 54679
43313 14824
43315 64387
43317 14685
43319 64391
43321 14502
43323 64395
43325 14275
43327 64399
43329 14004
43331 64403
43333 11890
43335 10225
43337 8222
43339 6118
43341 3820
43344 14983
43354 64468
43355 64472
43358 13699
43359 97157
43360 97159
43361 97161
43362 97163
43363 97165
43364 97167
43365 97169
43366 97171
43367 97173
43368 97175
43369 97177
43370 97179
43371 97181
43372 97183
43373 97185
43374 97187
43375 97189
43376 97191
43378 14929
43380 55918
43382 14834
43384 64448
43386 14695
43388 64452
43390 14512
43392 64456
43394 14285
43396 64460
43398 14014
43400 64464
43402 11900
43404 10234
43406 8232
43408 6127
43410 3829
43413 14986
43423 64529
43424 64533
43427 13511
43428 97244
43429 97246
43430 97248
43431 97250
43432 97252
43433 97254
43434 97256
43435 97258
43436 97260
43437 97262
43438 97264
43439 97266
43440 97268
43441 97270
43442 97272
43443 97274
43444 97276
43445 97278
43447 15135
43449 27064
43451 15112
43453 64509
43455 15089
43457 64513
43459 15066
43461 64517
43463 15043
43465 64521
43467 15020
43469 64525
43471 11912
43473 10243
43475 8244
43477 6136
43479 3838
43482 14996
43492 64590
43493 64594
43496 13524
43497 97331
43498 97333
43499 97335
43500 97337
43501 97339
43502 97341
43503 97343
43504 97345
43505 97347
43506 97349
43507 97351
43508 97353
43509 97355
43510 97357
43511 97359
43512 97361
43513 97363
43514 97365
43516 15304
43518 27070
43520 15279
43522 64570
43524 15254
43526 64574
43528 15229
43530 64578
43532 15204
43534 64582
43536 15179
43538 64586
43540 11925
43542 10254
43544 8257
43546 6147
43548 3849
43551 14999
43561 64651
43562 64655
43565 13537
43566 97418
43567 97420
43568 97422
43569 97424
43570 97426
43571 97428
43572 97430
43573 97432
43574 97434
43575 97436
43576 97438
43577 97440
43578 97442
43579 97444
43580 97446
43581 97448
43582 97450
43583 97452
43585 15455
43587 27238
43589 15432
43591 64631
43593 15409
43595 64635
43597 15386
43599 64639
43601 15363
43603 64643
43605 15169
43607 64647
43609 11937
43611 10266
43613 8269
43615 6159
43617 3861
43620 15339
43630 64712
43631 64716
43634 13550
43635 97505
43636 97507
43637 97509
43638 97511
43639 97513
43640 97515
43641 97517
43642 97519
43643 97521
43644 97523
43645 97525
43646 97527
43647 97529
43648 97531
43649 97533
43650 97535
43651 97537
43652 97539
43654 15599
43656 27244
43658 15574
43660 64692
43662 15549
43664 64696
43666 15524
43668 64700
43670 15499
43672 64704
43674 15182
43676 64708
43678 11950
43680 10277
43682 8282
43684 6170
43686 3872
43689 15342
43699 64773
43700 64777
43703 13563
43704 97592
43705 97594
43706 97596
43707 97598
43708 97600
43709 97602
43710 97604
43711 97606
43712 97608
43713 97610
43714 97612
43715 97614
43716 97616
43717 97618
43718 97620
43719 97622
43720 97624
43721 97626
43723 15727
43725 27385
43727 15704
43729 64753
43731 15681
43733 64757
43735 15658
43737 64761
43739 15489
43741 64765
43743 15194
43745 64769
43747 11962
43749 10289
43751 8294
43753 6182
43755 3884
43758 15634
43768 64834
43769 64838
43772 13576
43773 97679
43774 97681
43775 97683
43776 97685
43777 97687
43778 97689
43779 97691
43780 97693
43781 97695
43782 97697
43783 97699
43784 97701
43785 97703
43786 97705
43787 97707
43788 97709
43789 97711
43790 97713
43792 15846
43794 27391
43796 15821
43798 64814
43800 15796
43802 64818
43804 15771
43806 64822
43808 15502
43810 64826
43812 15207
43814 64830
43816 11975
43818 10300
43820 8307
43822 6193
43824 3895
43827 15637
43837 64895
43838 64899
43841 13589
43842 97766
43843 97768
43844 97770
43845 97772
43846 97774
43847 97776
43848 97778
43849 97780
43850 97782
43851 97784
43852 97786
43853 97788
43854 97790
43855 97792
43856 97794
43857 97796
43858 97798
43859 97800
43861 15951
43863 27503
43865 15928
43867 64875
43869 15905
43871 64879
43873 15761
43875 64883
43877 15514
43879 64887
43881 15219
43883 64891
43885 11987
43887 10312
43889 8319
43891 6205
43893 3907
43896 15881
43906 64956
43907 64960
43910 13602
43911 97853
43912 97855
43913 97857
43914 97859
43915 97861
43916 97863
43917 97865
43918 97867
43919 97869
43920 97871
43921 97873
43922 97875
43923 97877
43924 97879
43925 97881
43926 97883
43927 97885
43928 97887
43930 16045
43932 27509
43934 16020
43936 64936
43938 15995
43940 64940
43942 15774
43944 64944
43946 15527
43948 64948
43950 15232
43952 64952
43954 12000
43956 10323
43958 8332
43960 6216
43962 3918
43965 15884
43975 65017
43976 65021
43979 13615
43980 97940
43981 97942
43982 97944
43983 97946
43984 97948
43985 97950
43986 97952
43987 97954
43988 97956
43989 97958
43990 97960
43991 97962
43992 97964
43993 97966
43994 97968
43995 97970
43996 97972
43997 97974
43999 16127
44001 27594
44003 16104
44005 64997
44007 15985
44009 65001
44011 15786
44013 65005
44015 15539
44017 65009
44019 15244
44021 65013
44023 12012
44025 10335
44027 8344
44029 6228
44031 3930
44034 16080
44044 65078
44045 65082
44048 13628
44049 98027
44050 98029
44051 98031
44052 98033
44053 98035
44054 98037
44055 98039
44056 98041
44057 98043
44058 98045
44059 98047
44060 98049
44061 98051
44062 98053
44063 98055
44064 98057
44065 98059
44066 98061
44068 16196
44070 27600
44072 16171
44074 65058
44076 15998
44078 65062
44080 15799
44082 65066
44084 15552
44086 65070
44088 15257
44090 65074
44092 12025
44094 10346
44096 8357
44098 6239
44100 3941
44103 16083
44113 65139
44114 65143
44117 13641
44118 98114
44119 98116
44120 98118
44121 98120
44122 98122
44123 98124
44124 98126
44125 98128
44126 98130
44127 98132
44128 98134
44129 98136
44130 98138
44131 98140
44132 98142
44133 98144
44134 98146
44135 98148
44137 16255
44139 27656
44141 16161
44143 65119
44145 16010
44147 65123
44149 15811
44151 65127
44153 15564
44155 65131
44157 15269
44159 65135
44161 12037
44163 10358
44165 8369
44167 6251
44169 3953
44172 16231
44182 65200
44183 65204
44186 13654
44187 98201
44188 98203
44189 98205
44190 98207
44191 98209
44192 98211
44193 98213
44194 98215
44195 98217
44196 98219
44197 98221
44198 98223
44199 98225
44200 98227
44201 98229
44202 98231
44203 98233
44204 98235
44206 16299
44208 27662
44210 16174
44212 65180
44214 16023
44216 65184
44218 15824
44220 65188
44222 15577
44224 65192
44226 15282
44228 65196
44230 12050
44232 10369
44234 8382
44236 6262
44238 3964
44241 16234
44251 65261
44252 65265
44255 13667
44256 98288
44257 98290
44258 98292
44259 98294
44260 98296
44261 98298
44262 98300
44263 98302
44264 98304
44265 98306
44266 98308
44267 98310
44268 98312
44269 98314
44270 98316
44271 98318
44272 98320
44273 98322
44275 16289
44277 27694
44279 16186
44281 65241
44283 16035
44285 65245
44287 15836
44289 65249
44291 15589
44293 65253
44295 15294
44297 65257
44299 12062
44301 10381
44303 8394
44305 6274
44307 3976
44310 16334
44320 65322
44321 65326
44324 13680
44325 98375
44326 98377
44327 98379
44328 98381
44329 98383
44330 98385
44331 98387
44332 98389
44333 98391
44334 98393
44335 98395
44336 98397
44337 98399
44338 98401
44339 98403
44340 98405
44341 98407
44342 98409
44344 16302
44346 27700
44348 16199
44350 65302
44352 16048
44354 65306
44356 15849
44358 65310
44360 15602
44362 65314
44364 15307
44366 65318
44368 12075
44370 10392
44372 8407
44374 6285
44376 3987
44379 16337
44389 65383
44390 65387
44393 13691
44394 98462
44395 98464
44396 98466
44397 98468
44398 98470
44399 98472
44400 98474
44401 98476
44402 98478
44403 98480
44404 98482
44405 98484
44406 98486
44407 98488
44408 98490
44409 98492
44410 98494
44411 98496
44413 16313
44415 54684
44417 16210
44419 65363
44421 16059
44423 65367
44425 15860
44427 65371
44429 15613
44431 65375
44433 15318
44435 65379
44437 12086
44439 10404
44441 8418
44443 6297
44445 3999
44448 16383
44458 65444
44459 65448
44462 13702
44463 98549
44464 98551
44465 98553
44466 98555
44467 98557
44468 98559
44469 98561
44470 98563
44471 98565
44472 98567
44473 98569
44474 98571
44475 98573
44476 98575
44477 98577
44478 98579
44479 98581
44480 98583
44482 16324
44484 55923
44486 16221
44488 65424
44490 16070
44492 65428
44494 15871
44496 65432
44498 15624
44500 65436
44502 15329
44504 65440
44506 12097
44508 10414
44510 8429
44512 6307
44514 4009
44517 16386
44521 16538
44523 16512
44525 16486
44527 16460
44529 16434
44533 14995
44540 6316
44541 98662
44542 98664
44543 98666
44544 98668
44545 98670
44546 98672
44547 98674
44548 98676
44549 98678
44550 98680
44551 98682
44552 98684
44553 98686
44554 98688
44555 98690
44556 98692
44557 98694
44559 16539
44561 16526
44563 16513
44565 16500
44567 16487
44569 16474
44571 16461
44573 16448
44575 16435
44577 16422
44579 16409
44581 16396
44583 15002
44585 13714
44587 12110
44589 10431
44591 8442
44593 6324
44595 4026
44604 65503
44605 65507
44606 65511
44609 16400
44610 98748
44611 98750
44612 98752
44613 98754
44614 98756
44615 98758
44616 98760
44617 98762
44618 98764
44619 98766
44620 98768
44621 98770
44622 98772
44623 98774
44624 98776
44625 98778
44626 98780
44627 98782
44629 16681
44631 27890
44633 16660
44635 65487
44637 16639
44639 65491
44641 16618
44643 65495
44645 16597
44647 65499
44649 15013
44651 13720
44653 12121
44655 10437
44657 8453
44659 6330
44661 4031
44664 16574
44673 65567
44674 65571
44675 65575
44678 16413
44679 98835
44680 98837
44681 98839
44682 98841
44683 98843
44684 98845
44685 98847
44686 98849
44687 98851
44688 98853
44689 98855
44690 98857
44691 98859
44692 98861
44693 98863
44694 98865
44695 98867
44696 98869
44698 16813
44700 27896
44702 16790
44704 65551
44706 16767
44708 65555
44710 16744
44712 65559
44714 16721
44716 65563
44718 15025
44720 13730
44722 12133
44724 10447
44726 8465
44728 6340
44730 4041
44733 16577
44742 65631
44743 65635
44744 65639
44747 16426
44748 98922
44749 98924
44750 98926
44751 98928
44752 98930
44753 98932
44754 98934
44755 98936
44756 98938
44757 98940
44758 98942
44759 98944
44760 98946
44761 98948
44762 98950
44763 98952
44764 98954
44765 98956
44767 16931
44769 28036
44771 16910
44773 65615
44775 16889
44777 65619
44779 16868
44781 65623
44783 16712
44785 65627
44787 15036
44789 13741
44791 12144
44793 10458
44795 8476
44797 6351
44799 4052
44802 16845
44811 65695
44812 65699
44813 65703
44816 16439
44817 99009
44818 99011
44819 99013
44820 99015
44821 99017
44822 99019
44823 99021
44824 99023
44825 99025
44826 99027
44827 99029
44828 99031
44829 99033
44830 99035
44831 99037
44832 99039
44833 99041
44834 99043
44836 17040
44838 28042
44840 17017
44842 65679
44844 16994
44846 65683
44848 16971
44850 65687
44852 16724
44854 65691
44856 15048
44858 13751
44860 12156
44862 10468
44864 8488
44866 6361
44868 4062
44871 16848
44880 65759
44881 65763
44882 65767
44885 16452
44886 99096
44887 99098
44888 99100
44889 99102
44890 99104
44891 99106
44892 99108
44893 99110
44894 99112
44895 99114
44896 99116
44897 99118
44898 99120
44899 99122
44900 99124
44901 99126
44902 99128
44903 99130
44905 17137
44907 28154
44909 17116
44911 65743
44913 17095
44915 65747
44917 16962
44919 65751
44921 16735
44923 65755
44925 15059
44927 13762
44929 12167
44931 10479
44933 8499
44935 6372
44937 4073
44940 17072
44949 65823
44950 65827
44951 65831
44954 16465
44955 99183
44956 99185
44957 99187
44958 99189
44959 99191
44960 99193
44961 99195
44962 99197
44963 99199
44964 99201
44965 99203
44966 99205
44967 99207
44968 99209
44969 99211
44970 99213
44971 99215
44972 99217
44974 17223
44976 28160
44978 17200
44980 65807
44982 17177
44984 65811
44986 16974
44988 65815
44990 16747
44992 65819
44994 15071
44996 13772
44998 12179
45000 10489
45002 8511
45004 6382
45006 4083
45009 17075
45018 65887
45019 65891
45020 65895
45023 16478
45024 99270
45025 99272
45026 99274
45027 99276
45028 99278
45029 99280
45030 99282
45031 99284
45032 99286
45033 99288
45034 99290
45035 99292
45036 99294
45037 99296
45038 99298
45039 99300
45040 99302
45041 99304
45043 17299
45045 28246
45047 17278
45049 65871
45051 17168
45053 65875
45055 16985
45057 65879
45059 16758
45061 65883
45063 15082
45065 13783
45067 12190
45069 10500
45071 8522
45073 6393
45075 4094
45078 17255
45087 65951
45088 65955
45089 65959
45092 16491
45093 99357
45094 99359
45095 99361
45096 99363
45097 99365
45098 99367
45099 99369
45100 99371
45101 99373
45102 99375
45103 99377
45104 99379
45105 99381
45106 99383
45107 99385
45108 99387
45109 99389
45110 99391
45112 17362
45114 28252
45116 17339
45118 65935
45120 17180
45122 65939
45124 16997
45126 65943
45128 16770
45130 65947
45132 15094
45134 13793
45136 12202
45138 10510
45140 8534
45142 6403
45144 4104
45147 17258
45156 66015
45157 66019
45158 66023
45161 16504
45162 99444
45163 99446
45164 99448
45165 99450
45166 99452
45167 99454
45168 99456
45169 99458
45170 99460
45171 99462
45172 99464
45173 99466
45174 99468
45175 99470
45176 99472
45177 99474
45178 99476
45179 99478
45181 17417
45183 28308
45185 17330
45187 65999
45189 17191
45191 66003
45193 17008
45195 66007
45197 16781
45199 66011
45201 15105
45203 13804
45205 12213
45207 10521
45209 8545
45211 6414
45213 4115
45216 17394
45225 66079
45226 66083
45227 66087
45230 16517
45231 99531
45232 99533
45233 99535
45234 99537
45235 99539
45236 99541
45237 99543
45238 99545
45239 99547
45240 99549
45241 99551
45242 99553
45243 99555
45244 99557
45245 99559
45246 99561
45247 99563
45248 99565
45250 17457
45252 28314
45254 17342
45256 66063
45258 17203
45260 66067
45262 17020
45264 66071
45266 16793
45268 66075
45270 15117
45272 13814
45274 12225
45276 10531
45278 8557
45280 6424
45282 4125
45285 17397
45294 66143
45295 66147
45296 66151
45299 16530
45300 99618
45301 99620
45302 99622
45303 99624
45304 99626
45305 99628
45306 99630
45307 99632
45308 99634
45309 99636
45310 99638
45311 99640
45312 99642
45313 99644
45314 99646
45315 99648
45316 99650
45317 99652
45319 17448
45321 28346
45323 17353
45325 66127
45327 17214
45329 66131
45331 17031
45333 66135
45335 16804
45337 66139
45339 15128
45341 13825
45343 12236
45345 10542
45347 8568
45349 6435
45351 4136
45354 17489
45363 66207
45364 66211
45365 66215
45368 16543
45369 99705
45370 99707
45371 99709
45372 99711
45373 99713
45374 99715
45375 99717
45376 99719
45377 99721
45378 99723
45379 99725
45380 99727
45381 99729
45382 99731
45383 99733
45384 99735
45385 99737
45386 99739
45388 17460
45390 28352
45392 17365
45394 66191
45396 17226
45398 66195
45400 17043
45402 66199
45404 16816
45406 66203
45408 15140
45410 13835
45412 12248
45414 10552
45416 8580
45418 6445
45420 4146
45423 17492
45432 66271
45433 66275
45434 66279
45437 16554
45438 99792
45439 99794
45440 99796
45441 99798
45442 99800
45443 99802
45444 99804
45445 99806
45446 99808
45447 99810
45448 99812
45449 99814
45450 99816
45451 99818
45452 99820
45453 99822
45454 99824
45455 99826
45457 17470
45459 54736
45461 17375
45463 66255
45465 17236
45467 66259
45469 17053
45471 66263
45473 16826
45475 66267
45477 15150
45479 13846
45481 12258
45483 10563
45485 8590
45487 6456
45489 4157
45492 17534
45501 66335
45502 66339
45503 66343
45506 16565
45507 99879
45508 99881
45509 99883
45510 99885
45511 99887
45512 99889
45513 99891
45514 99893
45515 99895
45516 99897
45517 99899
45518 99901
45519 99903
45520 99905
45521 99907
45522 99909
45523 99911
45524 99913
45526 17480
45528 55975
45530 17385
45532 66319
45534 17246
45536 66323
45538 17063
45540 66327
45542 16836
45544 66331
45546 15160
45548 13855
45550 12268
45552 10572
45554 8600
45556 6465
45558 4166
45561 17537
45570 66399
45571 66403
45572 66407
45575 16403
45576 99966
45577 99968
45578 99970
45579 99972
45580 99974
45581 99976
45582 99978
45583 99980
45584 99982
45585 99984
45586 99986
45587 99988
45588 99990
45589 99992
45590 99994
45591 99996
45592 99998
45593 100000
45595 17663
45597 27907
45599 17640
45601 66383
45603 17617
45605 66387
45607 17594
45609 66391
45611 17571
45613 66395
45615 15172
45617 13864
45619 12280
45621 10581
45623 8612
45625 6474
45627 4175
45630 17547
45639 66463
45640 66467
45641 66471
45644 16416
45645 100053
45646 100055
45647 100057
45648 100059
45649 100061
45650 100063
45651 100065
45652 100067
45653 100069
45654 100071
45655 100073
45656 100075
45657 100077
45658 100079
45659 100081
45660 100083
45661 100085
45662 100087
45664 17807
45666 27913
45668 17782
45670 66447
45672 17757
45674 66451
45676 17732
45678 66455
45680 17707
45682 66459
45684 15185
45686 13875
45688 12293
45690 10592
45692 8625
45694 6485
45696 4186
45699 17550
45708 66527
45709 66531
45710 66535
45713 16429
45714 100140
45715 100142
45716 100144
45717 100146
45718 100148
45719 100150
45720 100152
45721 100154
45722 100156
45723 100158
45724 100160
45725 100162
45726 100164
45727 100166
45728 100168
45729 100170
45730 100172
45731 100174
45733 17935
45735 28053
45737 17912
45739 66511
45741 17889
45743 66515
45745 17866
45747 66519
45749 17697
45751 66523
45753 15197
45755 13887
45757 12305
45759 10604
45761 8637
45763 6497
45765 4198
45768 17842
45777 66591
45778 66595
45779 66599
45782 16442
45783 100227
45784 100229
45785 100231
45786 100233
45787 100235
45788 100237
45789 100239
45790 100241
45791 100243
45792 100245
45793 100247
45794 100249
45795 100251
45796 100253
45797 100255
45798 100257
45799 100259
45800 100261
45802 18054
45804 28059
45806 18029
45808 66575
45810 18004
45812 66579
45814 17979
45816 66583
45818 17710
45820 66587
45822 15210
45824 13898
45826 12318
45828 10615
45830 8650
45832 6508
45834 4209
45837 17845
45846 66655
45847 66659
45848 66663
45851 16455
45852 100314
45853 100316
45854 100318
45855 100320
45856 100322
45857 100324
45858 100326
45859 100328
45860 100330
45861 100332
45862 100334
45863 100336
45864 100338
45865 100340
45866 100342
45867 100344
45868 100346
45869 100348
45871 18159
45873 28171
45875 18136
45877 66639
45879 18113
45881 66643
45883 17969
45885 66647
45887 17722
45889 66651
45891 15222
45893 13910
45895 12330
45897 10627
45899 8662
45901 6520
45903 4221
45906 18089
45915 66719
45916 66723
45917 66727
45920 16468
45921 100401
45922 100403
45923 100405
45924 100407
45925 100409
45926 100411
45927 100413
45928 100415
45929 100417
45930 100419
45931 100421
45932 100423
45933 100425
45934 100427
45935 100429
45936 100431
45937 100433
45938 100435
45940 18253
45942 28177
45944 18228
45946 66703
45948 18203
45950 66707
45952 17982
45954 66711
45956 17735
45958 66715
45960 15235
45962 13921
45964 12343
45966 10638
45968 8675
45970 6531
45972 4232
45975 18092
45984 66783
45985 66787
45986 66791
45989 16481
45990 100488
45991 100490
45992 100492
45993 100494
45994 100496
45995 100498
45996 100500
45997 100502
45998 100504
45999 100506
46000 100508
46001 100510
46002 100512
46003 100514
46004 100516
46005 100518
46006 100520
46007 100522
46009 18335
46011 28263
46013 18312
46015 66767
46017 18193
46019 66771
46021 17994
46023 66775
46025 17747
46027 66779
46029 15247
46031 13933
46033 12355
46035 10650
46037 8687
46039 6543
46041 4244
46044 18288
46053 66847
46054 66851
46055 66855
46058 16494
46059 100575
46060 100577
46061 100579
46062 100581
46063 100583
46064 100585
46065 100587
46066 100589
46067 100591
46068 100593
46069 100595
46070 100597
46071 100599
46072 100601
46073 100603
46074 100605
46075 100607
46076 100609
46078 18404
46080 28269
46082 18379
46084 66831
46086 18206
46088 66835
46090 18007
46092 66839
46094 17760
46096 66843
46098 15260
46100 13944
46102 12368
46104 10661
46106 8700
46108 6554
46110 4255
46113 18291
46122 66911
46123 66915
46124 66919
46127 16507
46128 100662
46129 100664
46130 100666
46131 100668
46132 100670
46133 100672
46134 100674
46135 100676
46136 100678
46137 100680
46138 100682
46139 100684
46140 100686
46141 100688
46142 100690
46143 100692
46144 100694
46145 100696
46147 18463
46149 28325
46151 18369
46153 66895
46155 18218
46157 66899
46159 18019
46161 66903
46163 17772
46165 66907
46167 15272
46169 13956
46171 12380
46173 10673
46175 8712
46177 6566
46179 4267
46182 18439
46191 66975
46192 66979
46193 66983
46196 16520
46197 100749
46198 100751
46199 100753
46200 100755
46201 100757
46202 100759
46203 100761
46204 100763
46205 100765
46206 100767
46207 100769
46208 100771
46209 100773
46210 100775
46211 100777
46212 100779
46213 100781
46214 100783
46216 18507
46218 28331
46220 18382
46222 66959
46224 18231
46226 66963
46228 18032
46230 66967
46232 17785
46234 66971
46236 15285
46238 13967
46240 12393
46242 10684
46244 8725
46246 6577
46248 4278
46251 18442
46260 67039
46261 67043
46262 67047
46265 16533
46266 100836
46267 100838
46268 100840
46269 100842
46270 100844
46271 100846
46272 100848
46273 100850
46274 100852
46275 100854
46276 100856
46277 100858
46278 100860
46279 100862
46280 100864
46281 100866
46282 100868
46283 100870
46285 18497
46287 28363
46289 18394
46291 67023
46293 18243
46295 67027
46297 18044
46299 67031
46301 17797
46303 67035
46305 15297
46307 13979
46309 12405
46311 10696
46313 8737
46315 6589
46317 4290
46320 18542
46329 67103
46330 67107
46331 67111
46334 16546
46335 100923
46336 100925
46337 100927
46338 100929
46339 100931
46340 100933
46341 100935
46342 100937
46343 100939
46344 100941
46345 100943
46346 100945
46347 100947
46348 100949
46349 100951
46350 100953
46351 100955
46352 100957
46354 18510
46356 28369
46358 18407
46360 67087
46362 18256
46364 67091
46366 18057
46368 67095
46370 17810
46372 67099
46374 15310
46376 13990
46378 12418
46380 10707
46382 8750
46384 6600
46386 4301
46389 18545
46398 67167
46399 67171
46400 67175
46403 16557
46404 101010
46405 101012
46406 101014
46407 101016
46408 101018
46409 101020
46410 101022
46411 101024
46412 101026
46413 101028
46414 101030
46415 101032
46416 101034
46417 101036
46418 101038
46419 101040
46420 101042
46421 101044
46423 18521
46425 54741
46427 18418
46429 67151
46431 18267
46433 67155
46435 18068
46437 67159
46439 17821
46441 67163
46443 15321
46445 14002
46447 12429
46449 10719
46451 8761
46453 6612
46455 4313
46458 18591
46467 67231
46468 67235
46469 67239
46472 16568
46473 101097
46474 101099
46475 101101
46476 101103
46477 101105
46478 101107
46479 101109
46480 101111
46481 101113
46482 101115
46483 101117
46484 101119
46485 101121
46486 101123
46487 101125
46488 101127
46489 101129
46490 101131
46492 18532
46494 55980
46496 18429
46498 67215
46500 18278
46502 67219
46504 18079
46506 67223
46508 17832
46510 67227
46512 15332
46514 14012
46516 12440
46518 10729
46520 8772
46522 6622
46524 4323
46527 18594
46531 18720
46533 18694
46535 18668
46537 18642
46539 18616
46550 6631
46551 101210
46552 101212
46553 101214
46554 101216
46555 101218
46556 101220
46557 101222
46558 101224
46559 101226
46560 101228
46561 101230
46562 101232
46563 101234
46564 101236
46565 101238
46566 101240
46567 101242
46569 18721
46571 18708
46573 18695
46575 18682
46577 18669
46579 18656
46581 18643
46583 18630
46585 18617
46587 18604
46589 17553
46591 16580
46593 15345
46595 14029
46597 12453
46599 10746
46601 8785
46603 6639
46605 4340
46613 67293
46614 67297
46615 67301
46616 67305
46619 18608
46620 101296
46621 101298
46622 101300
46623 101302
46624 101304
46625 101306
46626 101308
46627 101310
46628 101312
46629 101314
46630 101316
46631 101318
46632 101320
46633 101322
46634 101324
46635 101326
46636 101328
46637 101330
46639 18842
46641 28532
46643 18821
46645 67281
46647 18800
46649 67285
46651 18779
46653 67289
46655 17564
46657 16586
46659 15356
46661 14035
46663 12464
46665 10752
46667 8796
46669 6645
46671 4345
46674 18756
46682 67360
46683 67364
46684 67368
46685 67372
46688 18621
46689 101383
46690 101385
46691 101387
46692 101389
46693 101391
46694 101393
46695 101395
46696 101397
46697 101399
46698 101401
46699 101403
46700 101405
46701 101407
46702 101409
46703 101411
46704 101413
46705 101415
46706 101417
46708 18951
46710 28538
46712 18928
46714 67348
46716 18905
46718 67352
46720 18882
46722 67356
46724 17576
46726 16596
46728 15368
46730 14045
46732 12476
46734 10762
46736 8808
46738 6655
46740 4355
46743 18759
46751 67427
46752 67431
46753 67435
46754 67439
46757 18634
46758 101470
46759 101472
46760 101474
46761 101476
46762 101478
46763 101480
46764 101482
46765 101484
46766 101486
46767 101488
46768 101490
46769 101492
46770 101494
46771 101496
46772 101498
46773 101500
46774 101502
46775 101504
46777 19048
46779 28650
46781 19027
46783 67415
46785 19006
46787 67419
46789 18873
46791 67423
46793 17587
46795 16607
46797 15379
46799 14056
46801 12487
46803 10773
46805 8819
46807 6666
46809 4366
46812 18983
46820 67494
46821 67498
46822 67502
46823 67506
46826 18647
46827 101557
46828 101559
46829 101561
46830 101563
46831 101565
46832 101567
46833 101569
46834 101571
46835 101573
46836 101575
46837 101577
46838 101579
46839 101581
46840 101583
46841 101585
46842 101587
46843 101589
46844 101591
46846 19134
46848 28656
46850 19111
46852 67482
46854 19088
46856 67486
46858 18885
46860 67490
46862 17599
46864 16617
46866 15391
46868 14066
46870 12499
46872 10783
46874 8831
46876 6676
46878 4376
46881 18986
46889 67561
46890 67565
46891 67569
46892 67573
46895 18660
46896 101644
46897 101646
46898 101648
46899 101650
46900 101652
46901 101654
46902 101656
46903 101658
46904 101660
46905 101662
46906 101664
46907 101666
46908 101668
46909 101670
46910 101672
46911 101674
46912 101676
46913 101678
46915 19210
46917 28741
46919 19189
46921 67549
46923 19079
46925 67553
46927 18896
46929 67557
46931 17610
46933 16628
46935 15402
46937 14077
46939 12510
46941 10794
46943 8842
46945 6687
46947 4387
46950 19166
46958 67628
46959 67632
46960 67636
46961 67640
46964 18673
46965 101731
46966 101733
46967 101735
46968 101737
46969 101739
46970 101741
46971 101743
46972 101745
46973 101747
46974 101749
46975 101751
46976 101753
46977 101755
46978 101757
46979 101759
46980 101761
46981 101763
46982 101765
46984 19273
46986 28747
46988 19250
46990 67616
46992 19091
46994 67620
46996 18908
46998 67624
47000 17622
47002 16638
47004 15414
47006 14087
47008 12522
47010 10804
47012 8854
47014 6697
47016 4397
47019 19169
47027 67695
47028 67699
47029 67703
47030 67707
47033 18686
47034 101818
47035 101820
47036 101822
47037 101824
47038 101826
47039 101828
47040 101830
47041 101832
47042 101834
47043 101836
47044 101838
47045 101840
47046 101842
47047 101844
47048 101846
47049 101848
47050 101850
47051 101852
47053 19328
47055 28803
47057 19241
47059 67683
47061 19102
47063 67687
47065 18919
47067 67691
47069 17633
47071 16649
47073 15425
47075 14098
47077 12533
47079 10815
47081 8865
47083 6708
47085 4408
47088 19305
47096 67762
47097 67766
47098 67770
47099 67774
47102 18699
47103 101905
47104 101907
47105 101909
47106 101911
47107 101913
47108 101915
47109 101917
47110 101919
47111 101921
47112 101923
47113 101925
47114 101927
47115 101929
47116 101931
47117 101933
47118 101935
47119 101937
47120 101939
47122 19368
47124 28809
47126 19253
47128 67750
47130 19114
47132 67754
47134 18931
47136 67758
47138 17645
47140 16659
47142 15437
47144 14108
47146 12545
47148 10825
47150 8877
47152 6718
47154 4418
47157 19308
47165 67829
47166 67833
47167 67837
47168 67841
47171 18712
47172 101992
47173 101994
47174 101996
47175 101998
47176 102000
47177 102002
47178 102004
47179 102006
47180 102008
47181 102010
47182 102012
47183 102014
47184 102016
47185 102018
47186 102020
47187 102022
47188 102024
47189 102026
47191 19359
47193 28841
47195 19264
47197 67817
47199 19125
47201 67821
47203 18942
47205 67825
47207 17656
47209 16670
47211 15448
47213 14119
47215 12556
47217 10836
47219 8888
47221 6729
47223 4429
47226 19400
47234 67896
47235 67900
47236 67904
47237 67908
47240 18725
47241 102079
47242 102081
47243 102083
47244 102085
47245 102087
47246 102089
47247 102091
47248 102093
47249 102095
47250 102097
47251 102099
47252 102101
47253 102103
47254 102105
47255 102107
47256 102109
47257 102111
47258 102113
47260 19371
47262 28847
47264 19276
47266 67884
47268 19137
47270 67888
47272 18954
47274 67892
47276 17668
47278 16680
47280 15460
47282 14129
47284 12568
47286 10846
47288 8900
47290 6739
47292 4439
47295 19403
47303 67963
47304 67967
47305 67971
47306 67975
47309 18736
47310 102166
47311 102168
47312 102170
47313 102172
47314 102174
47315 102176
47316 102178
47317 102180
47318 102182
47319 102184
47320 102186
47321 102188
47322 102190
47323 102192
47324 102194
47325 102196
47326 102198
47327 102200
47329 19381
47331 54786
47333 19286
47335 67951
47337 19147
47339 67955
47341 18964
47343 67959
47345 17678
47347 16691
47349 15470
47351 14140
47353 12578
47355 10857
47357 8910
47359 6750
47361 4450
47364 19445
47372 68030
47373 68034
47374 68038
47375 68042
47378 18747
47379 102253
47380 102255
47381 102257
47382 102259
47383 102261
47384 102263
47385 102265
47386 102267
47387 102269
47388 102271
47389 102273
47390 102275
47391 102277
47392 102279
47393 102281
47394 102283
47395 102285
47396 102287
47398 19391
47400 56025
47402 19296
47404 68018
47406 19157
47408 68022
47410 18974
47412 68026
47414 17688
47416 16700
47418 15480
47420 14149
47422 12588
47424 10866
47426 8920
47428 6759
47430 4459
47433 19448
47441 68097
47442 68101
47443 68105
47444 68109
47447 18611
47448 102340
47449 102342
47450 102344
47451 102346
47452 102348
47453 102350
47454 102352
47455 102354
47456 102356
47457 102358
47458 102360
47459 102362
47460 102364
47461 102366
47462 102368
47463 102370
47464 102372
47465 102374
47467 19551
47469 28549
47471 19528
47473 68085
47475 19505
47477 68089
47479 19482
47481 68093
47483 17700
47485 16709
47487 15492
47489 14158
47491 12600
47493 10875
47495 8932
47497 6768
47499 4468
47502 19458
47510 68164
47511 68168
47512 68172
47513 68176
47516 18624
47517 102427
47518 102429
47519 102431
47520 102433
47521 102435
47522 102437
47523 102439
47524 102441
47525 102443
47526 102445
47527 102447
47528 102449
47529 102451
47530 102453
47531 102455
47532 102457
47533 102459
47534 102461
47536 19670
47538 28555
47540 19645
47542 68152
47544 19620
47546 68156
47548 19595
47550 68160
47552 17713
47554 16720
47556 15505
47558 14169
47560 12613
47562 10886
47564 8945
47566 6779
47568 4479
47571 19461
47579 68231
47580 68235
47581 68239
47582 68243
47585 18637
47586 102514
47587 102516
47588 102518
47589 102520
47590 102522
47591 102524
47592 102526
47593 102528
47594 102530
47595 102532
47596 102534
47597 102536
47598 102538
47599 102540
47600 102542
47601 102544
47602 102546
47603 102548
47605 19775
47607 28667
47609 19752
47611 68219
47613 19729
47615 68223
47617 19585
47619 68227
47621 17725
47623 16732
47625 15517
47627 14181
47629 12625
47631 10898
47633 8957
47635 6791
47637 4491
47640 19705
47648 68298
47649 68302
47650 68306
47651 68310
47654 18650
47655 102601
47656 102603
47657 102605
47658 102607
47659 102609
47660 102611
47661 102613
47662 102615
47663 102617
47664 102619
47665 102621
47666 102623
47667 102625
47668 102627
47669 102629
47670 102631
47671 102633
47672 102635
47674 19869
47676 28673
47678 19844
47680 68286
47682 19819
47684 68290
47686 19598
47688 68294
47690 17738
47692 16743
47694 15530
47696 14192
47698 12638
47700 10909
47702 8970
47704 6802
47706 4502
47709 19708
47717 68365
47718 68369
47719 68373
47720 68377
47723 18663
47724 102688
47725 102690
47726 102692
47727 102694
47728 102696
47729 102698
47730 102700
47731 102702
47732 102704
47733 102706
47734 102708
47735 102710
47736 102712
47737 102714
47738 102716
47739 102718
47740 102720
47741 102722
47743 19951
47745 28758
47747 19928
47749 68353
47751 19809
47753 68357
47755 19610
47757 68361
47759 17750
47761 16755
47763 15542
47765 14204
47767 12650
47769 10921
47771 8982
47773 6814
47775 4514
47778 19904
47786 68432
47787 68436
47788 68440
47789 68444
47792 18676
47793 102775
47794 102777
47795 102779
47796 102781
47797 102783
47798 102785
47799 102787
47800 102789
47801 102791
47802 102793
47803 102795
47804 102797
47805 102799
47806 102801
47807 102803
47808 102805
47809 102807
47810 102809
47812 20020
47814 28764
47816 19995
47818 68420
47820 19822
47822 68424
47824 19623
47826 68428
47828 17763
47830 16766
47832 15555
47834 14215
47836 12663
47838 10932
47840 8995
47842 6825
47844 4525
47847 19907
47855 68499
47856 68503
47857 68507
47858 68511
47861 18689
47862 102862
47863 102864
47864 102866
47865 102868
47866 102870
47867 102872
47868 102874
47869 102876
47870 102878
47871 102880
47872 102882
47873 102884
47874 102886
47875 102888
47876 102890
47877 102892
47878 102894
47879 102896
47881 20079
47883 28820
47885 19985
47887 68487
47889 19834
47891 68491
47893 19635
47895 68495
47897 17775
47899 16778
47901 15567
47903 14227
47905 12675
47907 10944
47909 9007
47911 6837
47913 4537
47916 20055
47924 68566
47925 68570
47926 68574
47927 68578
47930 18702
47931 102949
47932 102951
47933 102953
47934 102955
47935 102957
47936 102959
47937 102961
47938 102963
47939 102965
47940 102967
47941 102969
47942 102971
47943 102973
47944 102975
47945 102977
47946 102979
47947 102981
47948 102983
47950 20123
47952 28826
47954 19998
47956 68554
47958 19847
47960 68558
47962 19648
47964 68562
47966 17788
47968 16789
47970 15580
47972 14238
47974 12688
47976 10955
47978 9020
47980 6848
47982 4548
47985 20058
47993 68633
47994 68637
47995 68641
47996 68645
47999 18715
48000 103036
48001 103038
48002 103040
48003 103042
48004 103044
48005 103046
48006 103048
48007 103050
48008 103052
48009 103054
48010 103056
48011 103058
48012 103060
48013 103062
48014 103064
48015 103066
48016 103068
48017 103070
48019 20113
48021 28858
48023 20010
48025 68621
48027 19859
48029 68625
48031 19660
48033 68629
48035 17800
48037 16801
48039 15592
48041 14250
48043 12700
48045 10967
48047 9032
48049 6860
48051 4560
48054 20158
48062 68700
48063 68704
48064 68708
48065 68712
48068 18728
48069 103123
48070 103125
48071 103127
48072 103129
48073 103131
48074 103133
48075 103135
48076 103137
48077 103139
48078 103141
48079 103143
48080 103145
48081 103147
48082 103149
48083 103151
48084 103153
48085 103155
48086 103157
48088 20126
48090 28864
48092 20023
48094 68688
48096 19872
48098 68692
48100 19673
48102 68696
48104 17813
48106 16812
48108 15605
48110 14261
48112 12713
48114 10978
48116 9045
48118 6871
48120 4571
48123 20161
48131 68767
48132 68771
48133 68775
48134 68779
48137 18739
48138 103210
48139 103212
48140 103214
48141 103216
48142 103218
48143 103220
48144 103222
48145 103224
48146 103226
48147 103228
48148 103230
48149 103232
48150 103234
48151 103236
48152 103238
48153 103240
48154 103242
48155 103244
48157 20137
48159 54791
48161 20034
48163 68755
48165 19883
48167 68759
48169 19684
48171 68763
48173 17824
48175 16824
48177 15616
48179 14273
48181 12724
48183 10990
48185 9056
48187 6883
48189 4583
48192 20207
48200 68834
48201 68838
48202 68842
48203 68846
48206 18750
48207 103297
48208 103299
48209 103301
48210 103303
48211 103305
48212 103307
48213 103309
48214 103311
48215 103313
48216 103315
48217 103317
48218 103319
48219 103321
48220 103323
48221 103325
48222 103327
48223 103329
48224 103331
48226 20148
48228 56030
48230 20045
48232 68822
48234 19894
48236 68826
48238 19695
48240 68830
48242 17835
48244 16834
48246 15627
48248 14283
48250 12735
48252 11000
48254 9067
48256 6893
48258 4593
48261 20210
48265 20310
48267 20284
48269 20258
48273 19457
48284 6902
48285 103410
48286 103412
48287 103414
48288 103416
48289 103418
48290 103420
48291 103422
48292 103424
48293 103426
48294 103428
48295 103430
48296 103432
48297 103434
48298 103436
48299 103438
48300 103440
48301 103442
48303 20311
48305 20298
48307 20285
48309 20272
48311 20259
48313 20246
48315 20233
48317 20220
48319 19464
48321 18762
48323 17848
48325 16851
48327 15640
48329 14300
48331 12748
48333 11017
48335 9080
48337 6910
48339 4610
48346 68899
48347 68903
48348 68907
48349 68911
48350 68915
48353 20224
48354 103496
48355 103498
48356 103500
48357 103502
48358 103504
48359 103506
48360 103508
48361 103510
48362 103512
48363 103514
48364 103516
48365 103518
48366 103520
48367 103522
48368 103524
48369 103526
48370 103528
48371 103530
48373 20411
48375 28988
48377 20390
48379 68891
48381 20369
48383 68895
48385 19475
48387 18768
48389 17859
48391 16857
48393 15651
48395 14306
48397 12759
48399 11023
48401 9091
48403 6916
48405 4615
48408 20346
48415 68969
48416 68973
48417 68977
48418 68981
48419 68985
48422 20237
48423 103583
48424 103585
48425 103587
48426 103589
48427 103591
48428 103593
48429 103595
48430 103597
48431 103599
48432 103601
48433 103603
48434 103605
48435 103607
48436 103609
48437 103611
48438 103613
48439 103615
48440 103617
48442 20497
48444 28994
48446 20474
48448 68961
48450 20451
48452 68965
48454 19487
48456 18778
48458 17871
48460 16867
48462 15663
48464 14316
48466 12771
48468 11033
48470 9103
48472 6926
48474 4625
48477 20349
48484 69039
48485 69043
48486 69047
48487 69051
48488 69055
48491 20250
48492 103670
48493 103672
48494 103674
48495 103676
48496 103678
48497 103680
48498 103682
48499 103684
48500 103686
48501 103688
48502 103690
48503 103692
48504 103694
48505 103696
48506 103698
48507 103700
48508 103702
48509 103704
48511 20573
48513 29078
48515 20552
48517 69031
48519 20442
48521 69035
48523 19498
48525 18789
48527 17882
48529 16878
48531 15674
48533 14327
48535 12782
48537 11044
48539 9114
48541 6937
48543 4636
48546 20529
48553 69109
48554 69113
48555 69117
48556 69121
48557 69125
48560 20263
48561 103757
48562 103759
48563 103761
48564 103763
48565 103765
48566 103767
48567 103769
48568 103771
48569 103773
48570 103775
48571 103777
48572 103779
48573 103781
48574 103783
48575 103785
48576 103787
48577 103789
48578 103791
48580 20636
48582 29084
48584 20613
48586 69101
48588 20454
48590 69105
48592 19510
48594 18799
48596 17894
48598 16888
48600 15686
48602 14337
48604 12794
48606 11054
48608 9126
48610 6947
48612 4646
48615 20532
48622 69179
48623 69183
48624 69187
48625 69191
48626 69195
48629 20276
48630 103844
48631 103846
48632 103848
48633 103850
48634 103852
48635 103854
48636 103856
48637 103858
48638 103860
48639 103862
48640 103864
48641 103866
48642 103868
48643 103870
48644 103872
48645 103874
48646 103876
48647 103878
48649 20691
48651 29140
48653 20604
48655 69171
48657 20465
48659 69175
48661 19521
48663 18810
48665 17905
48667 16899
48669 15697
48671 14348
48673 12805
48675 11065
48677 9137
48679 6958
48681 4657
48684 20668
48691 69249
48692 69253
48693 69257
48694 69261
48695 69265
48698 20289
48699 103931
48700 103933
48701 103935
48702 103937
48703 103939
48704 103941
48705 103943
48706 103945
48707 103947
48708 103949
48709 103951
48710 103953
48711 103955
48712 103957
48713 103959
48714 103961
48715 103963
48716 103965
48718 20731
48720 29146
48722 20616
48724 69241
48726 20477
48728 69245
48730 19533
48732 18820
48734 17917
48736 16909
48738 15709
48740 14358
48742 12817
48744 11075
48746 9149
48748 6968
48750 4667
48753 20671
48760 69319
48761 69323
48762 69327
48763 69331
48764 69335
48767 20302
48768 104018
48769 104020
48770 104022
48771 104024
48772 104026
48773 104028
48774 104030
48775 104032
48776 104034
48777 104036
48778 104038
48779 104040
48780 104042
48781 104044
48782 104046
48783 104048
48784 104050
48785 104052
48787 20722
48789 29178
48791 20627
48793 69311
48795 20488
48797 69315
48799 19544
48801 18831
48803 17928
48805 16920
48807 15720
48809 14369
48811 12828
48813 11086
48815 9160
48817 6979
48819 4678
48822 20763
48829 69389
48830 69393
48831 69397
48832 69401
48833 69405
48836 20315
48837 104105
48838 104107
48839 104109
48840 104111
48841 104113
48842 104115
48843 104117
48844 104119
48845 104121
48846 104123
48847 104125
48848 104127
48849 104129
48850 104131
48851 104133
48852 104135
48853 104137
48854 104139
48856 20734
48858 29184
48860 20639
48862 69381
48864 20500
48866 69385
48868 19556
48870 18841
48872 17940
48874 16930
48876 15732
48878 14379
48880 12840
48882 11096
48884 9172
48886 6989
48888 4688
48891 20766
48898 69459
48899 69463
48900 69467
48901 69471
48902 69475
48905 20326
48906 104192
48907 104194
48908 104196
48909 104198
48910 104200
48911 104202
48912 104204
48913 104206
48914 104208
48915 104210
48916 104212
48917 104214
48918 104216
48919 104218
48920 104220
48921 104222
48922 104224
48923 104226
48925 20744
48927 54825
48929 20649
48931 69451
48933 20510
48935 69455
48937 19566
48939 18852
48941 17950
48943 16941
48945 15742
48947 14390
48949 12850
48951 11107
48953 9182
48955 7000
48957 4699
48960 20808
48967 69529
48968 69533
48969 69537
48970 69541
48971 69545
48974 20337
48975 104279
48976 104281
48977 104283
48978 104285
48979 104287
48980 104289
48981 104291
48982 104293
48983 104295
48984 104297
48985 104299
48986 104301
48987 104303
48988 104305
48989 104307
48990 104309
48991 104311
48992 104313
48994 20754
48996 56064
48998 20659
49000 69521
49002 20520
49004 69525
49006 19576
49008 18861
49010 17960
49012 16950
49014 15752
49016 14399
49018 12860
49020 11116
49022 9192
49024 7009
49026 4708
49029 20811
49036 69599
49037 69603
49038 69607
49039 69611
49040 69615
49043 20227
49044 104366
49045 104368
49046 104370
49047 104372
49048 104374
49049 104376
49050 104378
49051 104380
49052 104382
49053 104384
49054 104386
49055 104388
49056 104390
49057 104392
49058 104394
49059 104396
49060 104398
49061 104400
49063 20891
49065 29005
49067 20868
49069 69591
49071 20845
49073 69595
49075 19588
49077 18870
49079 17972
49081 16959
49083 15764
49085 14408
49087 12872
49089 11125
49091 9204
49093 7018
49095 4717
49098 20821
49105 69669
49106 69673
49107 69677
49108 69681
49109 69685
49112 20240
49113 104453
49114 104455
49115 104457
49116 104459
49117 104461
49118 104463
49119 104465
49120 104467
49121 104469
49122 104471
49123 104473
49124 104475
49125 104477
49126 104479
49127 104481
49128 104483
49129 104485
49130 104487
49132 20985
49134 29011
49136 20960
49138 69661
49140 20935
49142 69665
49144 19601
49146 18881
49148 17985
49150 16970
49152 15777
49154 14419
49156 12885
49158 11136
49160 9217
49162 7029
49164 4728
49167 20824
49174 69739
49175 69743
49176 69747
49177 69751
49178 69755
49181 20253
49182 104540
49183 104542
49184 104544
49185 104546
49186 104548
49187 104550
49188 104552
49189 104554
49190 104556
49191 104558
49192 104560
49193 104562
49194 104564
49195 104566
49196 104568
49197 104570
49198 104572
49199 104574
49201 21067
49203 29095
49205 21044
49207 69731
49209 20925
49211 69735
49213 19613
49215 18893
49217 17997
49219 16982
49221 15789
49223 14431
49225 12897
49227 11148
49229 9229
49231 7041
49233 4740
49236 21020
49243 69809
49244 69813
49245 69817
49246 69821
49247 69825
49250 20266
49251 104627
49252 104629
49253 104631
49254 104633
49255 104635
49256 104637
49257 104639
49258 104641
49259 104643
49260 104645
49261 104647
49262 104649
49263 104651
49264 104653
49265 104655
49266 104657
49267 104659
49268 104661
49270 21136
49272 29101
49274 21111
49276 69801
49278 20938
49280 69805
49282 19626
49284 18904
49286 18010
49288 16993
49290 15802
49292 14442
49294 12910
49296 11159
49298 9242
49300 7052
49302 4751
49305 21023
49312 69879
49313 69883
49314 69887
49315 69891
49316 69895
49319 20279
49320 104714
49321 104716
49322 104718
49323 104720
49324 104722
49325 104724
49326 104726
49327 104728
49328 104730
49329 104732
49330 104734
49331 104736
49332 104738
49333 104740
49334 104742
49335 104744
49336 104746
49337 104748
49339 21195
49341 29157
49343 21101
49345 69871
49347 20950
49349 69875
49351 19638
49353 18916
49355 18022
49357 17005
49359 15814
49361 14454
49363 12922
49365 11171
49367 9254
49369 7064
49371 4763
49374 21171
49381 69949
49382 69953
49383 69957
49384 69961
49385 69965
49388 20292
49389 104801
49390 104803
49391 104805
49392 104807
49393 104809
49394 104811
49395 104813
49396 104815
49397 104817
49398 104819
49399 104821
49400 104823
49401 104825
49402 104827
49403 104829
49404 104831
49405 104833
49406 104835
49408 21239
49410 29163
49412 21114
49414 69941
49416 20963
49418 69945
49420 19651
49422 18927
49424 18035
49426 17016
49428 15827
49430 14465
49432 12935
49434 11182
49436 9267
49438 7075
49440 4774
49443 21174
49450 70019
49451 70023
49452 70027
49453 70031
49454 70035
49457 20305
49458 104888
49459 104890
49460 104892
49461 104894
49462 104896
49463 104898
49464 104900
49465 104902
49466 104904
49467 104906
49468 104908
49469 104910
49470 104912
49471 104914
49472 104916
49473 104918
49474 104920
49475 104922
49477 21229
49479 29195
49481 21126
49483 70011
49485 20975
49487 70015
49489 19663
49491 18939
49493 18047
49495 17028
49497 15839
49499 14477
49501 12947
49503 11194
49505 9279
49507 7087
49509 4786
49512 21274
49519 70089
49520 70093
49521 70097
49522 70101
49523 70105
49526 20318
49527 104975
49528 104977
49529 104979
49530 104981
49531 104983
49532 104985
49533 104987
49534 104989
49535 104991
49536 104993
49537 104995
49538 104997
49539 104999
49540 105001
49541 105003
49542 105005
49543 105007
49544 105009
49546 21242
49548 29201
49550 21139
49552 70081
49554 20988
49556 70085
49558 19676
49560 18950
49562 18060
49564 17039
49566 15852
49568 14488
49570 12960
49572 11205
49574 9292
49576 7098
49578 4797
49581 21277
49588 70159
49589 70163
49590 70167
49591 70171
49592 70175
49595 20329
49596 105062
49597 105064
49598 105066
49599 105068
49600 105070
49601 105072
49602 105074
49603 105076
49604 105078
49605 105080
49606 105082
49607 105084
49608 105086
49609 105088
49610 105090
49611 105092
49612 105094
49613 105096
49615 21253
49617 54830
49619 21150
49621 70151
49623 20999
49625 70155
49627 19687
49629 18962
49631 18071
49633 17051
49635 15863
49637 14500
49639 12971
49641 11217
49643 9303
49645 7110
49647 4809
49650 21323
49657 70229
49658 70233
49659 70237
49660 70241
49661 70245
49664 20340
49665 105149
49666 105151
49667 105153
49668 105155
49669 105157
49670 105159
49671 105161
49672 105163
49673 105165
49674 105167
49675 105169
49676 105171
49677 105173
49678 105175
49679 105177
49680 105179
49681 105181
49682 105183
49684 21264
49686 56069
49688 21161
49690 70221
49692 21010
49694 70225
49696 19698
49698 18972
49700 18082
49702 17061
49704 15874
49706 14510
49708 12982
49710 11227
49712 9314
49714 7120
49716 4819
49719 21326
49723 21400
49725 21374
49727 21348
49742 7129
49743 105262
49744 105264
49745 105266
49746 105268
49747 105270
49748 105272
49749 105274
49750 105276
49751 105278
49752 105280
49753 105282
49754 105284
49755 105286
49756 105288
49757 105290
49758 105292
49759 105294
49761 21401
49763 21388
49765 21375
49767 21362
49769 21349
49771 21336
49773 20827
49775 20352
49777 19711
49779 18989
49781 18095
49783 17078
49785 15887
49787 14527
49789 12995
49791 11244
49793 9327
49795 7137
49797 4836
49803 70297
49804 70301
49805 70305
49806 70309
49807 70313
49808 70317
49811 21340
49812 105348
49813 105350
49814 105352
49815 105354
49816 105356
49817 105358
49818 105360
49819 105362
49820 105364
49821 105366
49822 105368
49823 105370
49824 105372
49825 105374
49826 105376
49827 105378
49828 105380
49829 105382
49831 21480
49833 29295
49835 21459
49837 70293
49839 20838
49841 20358
49843 19722
49845 18995
49847 18106
49849 17084
49851 15898
49853 14533
49855 13006
49857 11250
49859 9338
49861 7143
49863 4841
49866 21436
49872 70370
49873 70374
49874 70378
49875 70382
49876 70386
49877 70390
49880 21353
49881 105435
49882 105437
49883 105439
49884 105441
49885 105443
49886 105445
49887 105447
49888 105449
49889 105451
49890 105453
49891 105455
49892 105457
49893 105459
49894 105461
49895 105463
49896 105465
49897 105467
49898 105469
49900 21543
49902 29301
49904 21520
49906 70366
49908 20850
49910 20368
49912 19734
49914 19005
49916 18118
49918 17094
49920 15910
49922 14543
49924 13018
49926 11260
49928 9350
49930 7153
49932 4851
49935 21439
49941 70443
49942 70447
49943 70451
49944 70455
49945 70459
49946 70463
49949 21366
49950 105522
49951 105524
49952 105526
49953 105528
49954 105530
49955 105532
49956 105534
49957 105536
49958 105538
49959 105540
49960 105542
49961 105544
49962 105546
49963 105548
49964 105550
49965 105552
49966 105554
49967 105556
49969 21598
49971 29357
49973 21511
49975 70439
49977 20861
49979 20379
49981 19745
49983 19016
49985 18129
49987 17105
49989 15921
49991 14554
49993 13029
49995 11271
49997 9361
49999 7164
50001 4862
50004 21575
50010 70516
50011 70520
50012 70524
50013 70528
50014 70532
50015 70536
50018 21379
50019 105609
50020 105611
50021 105613
50022 105615
50023 105617
50024 105619
50025 105621
50026 105623
50027 105625
50028 105627
50029 105629
50030 105631
50031 105633
50032 105635
50033 105637
50034 105639
50035 105641
50036 105643
50038 21638
50040 29363
50042 21523
50044 70512
50046 20873
50048 20389
50050 19757
50052 19026
50054 18141
50056 17115
50058 15933
50060 14564
50062 13041
50064 11281
50066 9373
50068 7174
50070 4872
50073 21578
50079 70589
50080 70593
50081 70597
50082 70601
50083 70605
50084 70609
50087 21392
50088 105696
50089 105698
50090 105700
50091 105702
50092 105704
50093 105706
50094 105708
50095 105710
50096 105712
50097 105714
50098 105716
50099 105718
50100 105720
50101 105722
50102 105724
50103 105726
50104 105728
50105 105730
50107 21629
50109 29395
50111 21534
50113 70585
50115 20884
50117 20400
50119 19768
50121 19037
50123 18152
50125 17126
50127 15944
50129 14575
50131 13052
50133 11292
50135 9384
50137 7185
50139 4883
50142 21670
50148 70662
50149 70666
50150 70670
50151 70674
50152 70678
50153 70682
50156 21405
50157 105783
50158 105785
50159 105787
50160 105789
50161 105791
50162 105793
50163 105795
50164 105797
50165 105799
50166 105801
50167 105803
50168 105805
50169 105807
50170 105809
50171 105811
50172 105813
50173 105815
50174 105817
50176 21641
50178 29401
50180 21546
50182 70658
50184 20896
50186 20410
50188 19780
50190 19047
50192 18164
50194 17136
50196 15956
50198 14585
50200 13064
50202 11302
50204 9396
50206 7195
50208 4893
50211 21673
50217 70735
50218 70739
50219 70743
50220 70747
50221 70751
50222 70755
50225 21416
50226 105870
50227 105872
50228 105874
50229 105876
50230 105878
50231 105880
50232 105882
50233 105884
50234 105886
50235 105888
50236 105890
50237 105892
50238 105894
50239 105896
50240 105898
50241 105900
50242 105902
50243 105904
50245 21651
50247 54857
50249 21556
50251 70731
50253 20906
50255 20421
50257 19790
50259 19058
50261 18174
50263 17147
50265 15966
50267 14596
50269 13074
50271 11313
50273 9406
50275 7206
50277 4904
50280 21715
50286 70808
50287 70812
50288 70816
50289 70820
50290 70824
50291 70828
50294 21427
50295 105957
50296 105959
50297 105961
50298 105963
50299 105965
50300 105967
50301 105969
50302 105971
50303 105973
50304 105975
50305 105977
50306 105979
50307 105981
50308 105983
50309 105985
50310 105987
50311 105989
50312 105991
50314 21661
50316 56096
50318 21566
50320 70804
50322 20916
50324 20430
50326 19800
50328 19067
50330 18184
50332 17156
50334 15976
50336 14605
50338 13084
50340 11322
50342 9416
50344 7215
50346 4913
50349 21718
50355 70881
50356 70885
50357 70889
50358 70893
50359 70897
50360 70901
50363 21343
50364 106044
50365 106046
50366 106048
50367 106050
50368 106052
50369 106054
50370 106056
50371 106058
50372 106060
50373 106062
50374 106064
50375 106066
50376 106068
50377 106070
50378 106072
50379 106074
50380 106076
50381 106078
50383 21775
50385 29312
50387 21752
50389 70877
50391 20928
50393 20439
50395 19812
50397 19076
50399 18196
50401 17165
50403 15988
50405 14614
50407 13096
50409 11331
50411 9428
50413 7224
50415 4922
50418 21728
50424 70954
50425 70958
50426 70962
50427 70966
50428 70970
50429 70974
50432 21356
50433 106131
50434 106133
50435 106135
50436 106137
50437 106139
50438 106141
50439 106143
50440 106145
50441 106147
50442 106149
50443 106151
50444 106153
50445 106155
50446 106157
50447 106159
50448 106161
50449 106163
50450 106165
50452 21844
50454 29318
50456 21819
50458 70950
50460 20941
50462 20450
50464 19825
50466 19087
50468 18209
50470 17176
50472 16001
50474 14625
50476 13109
50478 11342
50480 9441
50482 7235
50484 4933
50487 21731
50493 71027
50494 71031
50495 71035
50496 71039
50497 71043
50498 71047
50501 21369
50502 106218
50503 106220
50504 106222
50505 106224
50506 106226
50507 106228
50508 106230
50509 106232
50510 106234
50511 106236
50512 106238
50513 106240
50514 106242
50515 106244
50516 106246
50517 106248
50518 106250
50519 106252
50521 21903
50523 29374
50525 21809
50527 71023
50529 20953
50531 20462
50533 19837
50535 19099
50537 18221
50539 17188
50541 16013
50543 14637
50545 13121
50547 11354
50549 9453
50551 7247
50553 4945
50556 21879
50562 71100
50563 71104
50564 71108
50565 71112
50566 71116
50567 71120
50570 21382
50571 106305
50572 106307
50573 106309
50574 106311
50575 106313
50576 106315
50577 106317
50578 106319
50579 106321
50580 106323
50581 106325
50582 106327
50583 106329
50584 106331
50585 106333
50586 106335
50587 106337
50588 106339
50590 21947
50592 29380
50594 21822
50596 71096
50598 20966
50600 20473
50602 19850
50604 19110
50606 18234
50608 17199
50610 16026
50612 14648
50614 13134
50616 11365
50618 9466
50620 7258
50622 4956
50625 21882
50631 71173
50632 71177
50633 71181
50634 71185
50635 71189
50636 71193
50639 21395
50640 106392
50641 106394
50642 106396
50643 106398
50644 106400
50645 106402
50646 106404
50647 106406
50648 106408
50649 106410
50650 106412
50651 106414
50652 106416
50653 106418
50654 106420
50655 106422
50656 106424
50657 106426
50659 21937
50661 29412
50663 21834
50665 71169
50667 20978
50669 20485
50671 19862
50673 19122
50675 18246
50677 17211
50679 16038
50681 14660
50683 13146
50685 11377
50687 9478
50689 7270
50691 4968
50694 21982
50700 71246
50701 71250
50702 71254
50703 71258
50704 71262
50705 71266
50708 21408
50709 106479
50710 106481
50711 106483
50712 106485
50713 106487
50714 106489
50715 106491
50716 106493
50717 106495
50718 106497
50719 106499
50720 106501
50721 106503
50722 106505
50723 106507
50724 106509
50725 106511
50726 106513
50728 21950
50730 29418
50732 21847
50734 71242
50736 20991
50738 20496
50740 19875
50742 19133
50744 18259
50746 17222
50748 16051
50750 14671
50752 13159
50754 11388
50756 9491
50758 7281
50760 4979
50763 21985
50769 71319
50770 71323
50771 71327
50772 71331
50773 71335
50774 71339
50777 21419
50778 106566
50779 106568
50780 106570
50781 106572
50782 106574
50783 106576
50784 106578
50785 106580
50786 106582
50787 106584
50788 106586
50789 106588
50790 106590
50791 106592
50792 106594
50793 106596
50794 106598
50795 106600
50797 21961
50799 54862
50801 21858
50803 71315
50805 21002
50807 20508
50809 19886
50811 19145
50813 18270
50815 17234
50817 16062
50819 14683
50821 13170
50823 11400
50825 9502
50827 7293
50829 4991
50832 22031
50838 71392
50839 71396
50840 71400
50841 71404
50842 71408
50843 71412
50846 21430
50847 106653
50848 106655
50849 106657
50850 106659
50851 106661
50852 106663
50853 106665
50854 106667
50855 106669
50856 106671
50857 106673
50858 106675
50859 106677
50860 106679
50861 106681
50862 106683
50863 106685
50864 106687
50866 21972
50868 56101
50870 21869
50872 71388
50874 21013
50876 20518
50878 19897
50880 19155
50882 18281
50884 17244
50886 16073
50888 14693
50890 13181
50892 11410
50894 9513
50896 7303
50898 5001
50901 22034
50905 22082
50909 21727
50924 7312
50925 106766
50926 106768
50927 106770
50928 106772
50929 106774
50930 106776
50931 106778
50932 106780
50933 106782
50934 106784
50935 106786
50936 106788
50937 106790
50938 106792
50939 106794
50940 106796
50941 106798
50943 22083
50945 22070
50947 22057
50949 22044
50951 21734
50953 21442
50955 21026
50957 20535
50959 19910
50961 19172
50963 18294
50965 17261
50967 16086
50969 14710
50971 13194
50973 11427
50975 9526
50977 7320
50979 5018
50984 71463
50985 71467
50986 71471
50987 71475
50988 71479
50989 71483
50990 71487
50993 22048
50994 106852
50995 106854
50996 106856
50997 106858
50998 106860
50999 106862
51000 106864
51001 106866
51002 106868
51003 106870
51004 106872
51005 106874
51006 106876
51007 106878
51008 106880
51009 106882
51010 106884
51011 106886
51013 22141
51015 29476
51017 21745
51019 21448
51021 21037
51023 20541
51025 19921
51027 19178
51029 18305
51031 17267
51033 16097
51035 14716
51037 13205
51039 11433
51041 9537
51043 7326
51045 5023
51048 22118
51053 71539
51054 71543
51055 71547
51056 71551
51057 71555
51058 71559
51059 71563
51062 22061
51063 106939
51064 106941
51065 106943
51066 106945
51067 106947
51068 106949
51069 106951
51070 106953
51071 106955
51072 106957
51073 106959
51074 106961
51075 106963
51076 106965
51077 106967
51078 106969
51079 106971
51080 106973
51082 22181
51084 29482
51086 21757
51088 21458
51090 21049
51092 20551
51094 19933
51096 19188
51098 18317
51100 17277
51102 16109
51104 14726
51106 13217
51108 11443
51110 9549
51112 7336
51114 5033
51117 22121
51122 71615
51123 71619
51124 71623
51125 71627
51126 71631
51127 71635
51128 71639
51131 22074
51132 107026
51133 107028
51134 107030
51135 107032
51136 107034
51137 107036
51138 107038
51139 107040
51140 107042
51141 107044
51142 107046
51143 107048
51144 107050
51145 107052
51146 107054
51147 107056
51148 107058
51149 107060
51151 22172
51153 29512
51155 21768
51157 21469
51159 21060
51161 20562
51163 19944
51165 19199
51167 18328
51169 17288
51171 16120
51173 14737
51175 13228
51177 11454
51179 9560
51181 7347
51183 5044
51186 22213
51191 71691
51192 71695
51193 71699
51194 71703
51195 71707
51196 71711
51197 71715
51200 22087
51201 107113
51202 107115
51203 107117
51204 107119
51205 107121
51206 107123
51207 107125
51208 107127
51209 107129
51210 107131
51211 107133
51212 107135
51213 107137
51214 107139
51215 107141
51216 107143
51217 107145
51218 107147
51220 22184
51222 29518
51224 21780
51226 21479
51228 21072
51230 20572
51232 19956
51234 19209
51236 18340
51238 17298
51240 16132
51242 14747
51244 13240
51246 11464
51248 9572
51250 7357
51252 5054
51255 22216
51260 71767
51261 71771
51262 71775
51263 71779
51264 71783
51265 71787
51266 71791
51269 22098
51270 107200
51271 107202
51272 107204
51273 107206
51274 107208
51275 107210
51276 107212
51277 107214
51278 107216
51279 107218
51280 107220
51281 107222
51282 107224
51283 107226
51284 107228
51285 107230
51286 107232
51287 107234
51289 22194
51291 54878
51293 21790
51295 21490
51297 21082
51299 20583
51301 19966
51303 19220
51305 18350
51307 17309
51309 16142
51311 14758
51313 13250
51315 11475
51317 9582
51319 7368
51321 5065
51324 22258
51329 71843
51330 71847
51331 71851
51332 71855
51333 71859
51334 71863
51335 71867
51338 22109
51339 107287
51340 107289
51341 107291
51342 107293
51343 107295
51344 107297
51345 107299
51346 107301
51347 107303
51348 107305
51349 107307
51350 107309
51351 107311
51352 107313
51353 107315
51354 107317
51355 107319
51356 107321
51358 22204
51360 56117
51362 21800
51364 21499
51366 21092
51368 20592
51370 19976
51372 19229
51374 18360
51376 17318
51378 16152
51380 14767
51382 13260
51384 11484
51386 9592
51388 7377
51390 5074
51393 22261
51398 71919
51399 71923
51400 71927
51401 71931
51402 71935
51403 71939
51404 71943
51407 22051
51408 107374
51409 107376
51410 107378
51411 107380
51412 107382
51413 107384
51414 107386
51415 107388
51416 107390
51417 107392
51418 107394
51419 107396
51420 107398
51421 107400
51422 107402
51423 107404
51424 107406
51425 107408
51427 22295
51429 29493
51431 21812
51433 21508
51435 21104
51437 20601
51439 19988
51441 19238
51443 18372
51445 17327
51447 16164
51449 14776
51451 13272
51453 11493
51455 9604
51457 7386
51459 5083
51462 22271
51467 71995
51468 71999
51469 72003
51470 72007
51471 72011
51472 72015
51473 72019
51476 22064
51477 107461
51478 107463
51479 107465
51480 107467
51481 107469
51482 107471
51483 107473
51484 107475
51485 107477
51486 107479
51487 107481
51488 107483
51489 107485
51490 107487
51491 107489
51492 107491
51493 107493
51494 107495
51496 22339
51498 29499
51500 21825
51502 21519
51504 21117
51506 20612
51508 20001
51510 19249
51512 18385
51514 17338
51516 16177
51518 14787
51520 13285
51522 11504
51524 9617
51526 7397
51528 5094
51531 22274
51536 72071
51537 72075
51538 72079
51539 72083
51540 72087
51541 72091
51542 72095
51545 22077
51546 107548
51547 107550
51548 107552
51549 107554
51550 107556
51551 107558
51552 107560
51553 107562
51554 107564
51555 107566
51556 107568
51557 107570
51558 107572
51559 107574
51560 107576
51561 107578
51562 107580
51563 107582
51565 22329
51567 29529
51569 21837
51571 21531
51573 21129
51575 20624
51577 20013
51579 19261
51581 18397
51583 17350
51585 16189
51587 14799
51589 13297
51591 11516
51593 9629
51595 7409
51597 5106
51600 22374
51605 72147
51606 72151
51607 72155
51608 72159
51609 72163
51610 72167
51611 72171
51614 22090
51615 107635
51616 107637
51617 107639
51618 107641
51619 107643
51620 107645
51621 107647
51622 107649
51623 107651
51624 107653
51625 107655
51626 107657
51627 107659
51628 107661
51629 107663
51630 107665
51631 107667
51632 107669
51634 22342
51636 29535
51638 21850
51640 21542
51642 21142
51644 20635
51646 20026
51648 19272
51650 18410
51652 17361
51654 16202
51656 14810
51658 13310
51660 11527
51662 9642
51664 7420
51666 5117
51669 22377
51674 72223
51675 72227
51676 72231
51677 72235
51678 72239
51679 72243
51680 72247
51683 22101
51684 107722
51685 107724
51686 107726
51687 107728
51688 107730
51689 107732
51690 107734
51691 107736
51692 107738
51693 107740
51694 107742
51695 107744
51696 107746
51697 107748
51698 107750
51699 107752
51700 107754
51701 107756
51703 22353
51705 54883
51707 21861
51709 21554
51711 21153
51713 20647
51715 20037
51717 19284
51719 18421
51721 17373
51723 16213
51725 14822
51727 13321
51729 11539
51731 9653
51733 7432
51735 5129
51738 22423
51743 72299
51744 72303
51745 72307
51746 72311
51747 72315
51748 72319
51749 72323
51752 22112
51753 107809
51754 107811
51755 107813
51756 107815
51757 107817
51758 107819
51759 107821
51760 107823
51761 107825
51762 107827
51763 107829
51764 107831
51765 107833
51766 107835
51767 107837
51768 107839
51769 107841
51770 107843
51772 22364
51774 56122
51776 21872
51778 21564
51780 21164
51782 20657
51784 20048
51786 19294
51788 18432
51790 17383
51792 16224
51794 14832
51796 13332
51798 11549
51800 9664
51802 7442
51804 5139
51807 22426
51811 22448
51830 7451
51831 107922
51832 107924
51833 107926
51834 107928
51835 107930
51836 107932
51837 107934
51838 107936
51839 107938
51840 107940
51841 107942
51842 107944
51843 107946
51844 107948
51845 107950
51846 107952
51847 107954
51849 22449
51851 22436
51853 22277
51855 22124
51857 21885
51859 21581
51861 21177
51863 20674
51865 20061
51867 19311
51869 18445
51871 17400
51873 16237
51875 14849
51877 13345
51879 11566
51881 9677
51883 7459
51885 5156
51889 29563
51890 72377
51891 72381
51892 72385
51893 72389
51894 72393
51895 72397
51896 72401
51899 22440
51900 108008
51901 108010
51902 108012
51903 108014
51904 108016
51905 108018
51906 108020
51907 108022
51908 108024
51909 108026
51910 108028
51911 108030
51912 108032
51913 108034
51914 108036
51915 108038
51916 108040
51917 108042
51919 22288
51921 22130
51923 21896
51925 21587
51927 21188
51929 20680
51931 20072
51933 19317
51935 18456
51937 17406
51939 16248
51941 14855
51943 13356
51945 11572
51947 9688
51949 7465
51951 5161
51954 22484
51958 29569
51959 72456
51960 72460
51961 72464
51962 72468
51963 72472
51964 72476
51965 72480
51968 22453
51969 108095
51970 108097
51971 108099
51972 108101
51973 108103
51974 108105
51975 108107
51976 108109
51977 108111
51978 108113
51979 108115
51980 108117
51981 108119
51982 108121
51983 108123
51984 108125
51985 108127
51986 108129
51988 22300
51990 22140
51992 21908
51994 21597
51996 21200
51998 20690
52000 20084
52002 19327
52004 18468
52006 17416
52008 16260
52010 14865
52012 13368
52014 11582
52016 9700
52018 7475
52020 5171
52023 22487
52027 54892
52028 72535
52029 72539
52030 72543
52031 72547
52032 72551
52033 72555
52034 72559
52037 22464
52038 108182
52039 108184
52040 108186
52041 108188
52042 108190
52043 108192
52044 108194
52045 108196
52046 108198
52047 108200
52048 108202
52049 108204
52050 108206
52051 108208
52052 108210
52053 108212
52054 108214
52055 108216
52057 22310
52059 22151
52061 21918
52063 21608
52065 21210
52067 20701
52069 20094
52071 19338
52073 18478
52075 17427
52077 16270
52079 14876
52081 13378
52083 11593
52085 9710
52087 7486
52089 5182
52092 22525
52096 56131
52097 72614
52098 72618
52099 72622
52100 72626
52101 72630
52102 72634
52103 72638
52106 22475
52107 108269
52108 108271
52109 108273
52110 108275
52111 108277
52112 108279
52113 108281
52114 108283
52115 108285
52116 108287
52117 108289
52118 108291
52119 108293
52120 108295
52121 108297
52122 108299
52123 108301
52124 108303
52126 22320
52128 22160
52130 21928
52132 21617
52134 21220
52136 20710
52138 20104
52140 19347
52142 18488
52144 17436
52146 16280
52148 14885
52150 13388
52152 11602
52154 9720
52156 7495
52158 5191
52161 22528
52165 29580
52166 72693
52167 72697
52168 72701
52169 72705
52170 72709
52171 72713
52172 72717
52175 22443
52176 108356
52177 108358
52178 108360
52179 108362
52180 108364
52181 108366
52182 108368
52183 108370
52184 108372
52185 108374
52186 108376
52187 108378
52188 108380
52189 108382
52190 108384
52191 108386
52192 108388
52193 108390
52195 22332
52197 22169
52199 21940
52201 21626
52203 21232
52205 20719
52207 20116
52209 19356
52211 18500
52213 17445
52215 16292
52217 14894
52219 13400
52221 11611
52223 9732
52225 7504
52227 5200
52230 22538
52234 29586
52235 72772
52236 72776
52237 72780
52238 72784
52239 72788
52240 72792
52241 72796
52244 22456
52245 108443
52246 108445
52247 108447
52248 108449
52249 108451
52250 108453
52251 108455
52252 108457
52253 108459
52254 108461
52255 108463
52256 108465
52257 108467
52258 108469
52259 108471
52260 108473
52261 108475
52262 108477
52264 22345
52266 22180
52268 21953
52270 21637
52272 21245
52274 20730
52276 20129
52278 19367
52280 18513
52282 17456
52284 16305
52286 14905
52288 13413
52290 11622
52292 9745
52294 7515
52296 5211
52299 22541
52303 54897
52304 72851
52305 72855
52306 72859
52307 72863
52308 72867
52309 72871
52310 72875
52313 22467
52314 108530
52315 108532
52316 108534
52317 108536
52318 108538
52319 108540
52320 108542
52321 108544
52322 108546
52323 108548
52324 108550
52325 108552
52326 108554
52327 108556
52328 108558
52329 108560
52330 108562
52331 108564
52333 22356
52335 22192
52337 21964
52339 21649
52341 21256
52343 20742
52345 20140
52347 19379
52349 18524
52351 17468
52353 16316
52355 14917
52357 13424
52359 11634
52361 9756
52363 7527
52365 5223
52368 22579
52372 56136
52373 72930
52374 72934
52375 72938
52376 72942
52377 72946
52378 72950
52379 72954
52382 22478
52383 108617
52384 108619
52385 108621
52386 108623
52387 108625
52388 108627
52389 108629
52390 108631
52391 108633
52392 108635
52393 108637
52394 108639
52395 108641
52396 108643
52397 108645
52398 108647
52399 108649
52400 108651
52402 22367
52404 22202
52406 21975
52408 21659
52410 21267
52412 20752
52414 20151
52416 19389
52418 18535
52420 17478
52422 16327
52424 14927
52426 13435
52428 11644
52430 9767
52432 7537
52434 5233
52437 22582
52441 22537
52460 7546
52461 108730
52462 108732
52463 108734
52464 108736
52465 108738
52466 108740
52467 108742
52468 108744
52469 108746
52470 108748
52471 108750
52472 108752
52473 108754
52474 108756
52475 108758
52476 108760
52477 108762
52479 22544
52481 22490
52483 22380
52485 22219
52487 21988
52489 21676
52491 21280
52493 20769
52495 20164
52497 19406
52499 18548
52501 17495
52503 16340
52505 14944
52507 13448
52509 11661
52511 9780
52513 7554
52515 5250
52519 72994
52520 73014
52521 73018
52522 73022
52523 73026
52524 73030
52525 73034
52526 73038
52529 22594
52530 108816
52531 108818
52532 108820
52533 108822
52534 108824
52535 108826
52536 108828
52537 108830
52538 108832
52539 108834
52540 108836
52541 108838
52542 108840
52543 108842
52544 108844
52545 108846
52546 108848
52547 108850
52549 22389
52551 22225
52553 21997
52555 21682
52557 21289
52559 20775
52561 20173
52563 19412
52565 18557
52567 17501
52569 16349
52571 14950
52573 13457
52575 11667
52577 9789
52579 7560
52581 5255
52584 22614
52588 73078
52589 73098
52590 73102
52591 73106
52592 73110
52593 73114
52594 73118
52595 73122
52598 22605
52599 108903
52600 108905
52601 108907
52602 108909
52603 108911
52604 108913
52605 108915
52606 108917
52607 108919
52608 108921
52609 108923
52610 108925
52611 108927
52612 108929
52613 108931
52614 108933
52615 108935
52616 108937
52618 22398
52620 22233
52622 22006
52624 21690
52626 21298
52628 20783
52630 20182
52632 19420
52634 18566
52636 17509
52638 16358
52640 14958
52642 13466
52644 11675
52646 9798
52648 7568
52650 5263
52653 22617
52657 73162
52658 73182
52659 73186
52660 73190
52661 73194
52662 73198
52663 73202
52664 73206
52667 22597
52668 108990
52669 108992
52670 108994
52671 108996
52672 108998
52673 109000
52674 109002
52675 109004
52676 109006
52677 109008
52678 109010
52679 109012
52680 109014
52681 109016
52682 109018
52683 109020
52684 109022
52685 109024
52687 22407
52689 22241
52691 22015
52693 21698
52695 21307
52697 20791
52699 20191
52701 19428
52703 18575
52705 17517
52707 16367
52709 14966
52711 13475
52713 11683
52715 9807
52717 7576
52719 5271
52722 22625
52726 73246
52727 73266
52728 73270
52729 73274
52730 73278
52731 73282
52732 73286
52733 73290
52736 22608
52737 109077
52738 109079
52739 109081
52740 109083
52741 109085
52742 109087
52743 109089
52744 109091
52745 109093
52746 109095
52747 109097
52748 109099
52749 109101
52750 109103
52751 109105
52752 109107
52753 109109
52754 109111
52756 22416
52758 22249
52760 22024
52762 21706
52764 21316
52766 20799
52768 20200
52770 19436
52772 18584
52774 17525
52776 16376
52778 14974
52780 13484
52782 11691
52784 9816
52786 7584
52788 5279
52791 22628
52795 22576
52797 22420
52814 22730
52815 109190
52816 109192
52817 109194
52818 109196
52819 109198
52820 109200
52821 109202
52822 109204
52823 109206
52824 109208
52825 109210
52826 109212
52827 109214
52828 109216
52829 109218
52830 109220
52831 109222
52833 22585
52835 22522
52837 22429
52839 22264
52841 22037
52843 21721
52845 21329
52847 20814
52849 20213
52851 19451
52853 18597
52855 17540
52857 16389
52859 14989
52861 13497
52863 11706
52865 9829
52867 7599
52869 5294
