/Applications/Xcode.app/Contents/Developer/usr/bin/make verify-community
python3 scripts/audit_community_candidate.py --check docs/research/community-audit-arithmetic.json
PASS independent moments, seven margins and all 32 RaD source hashes
python3 scripts/audit_followup_candidate.py --candidate-root . --check docs/research/community-followup-arithmetic.json
PASS independent PR49 moments, rank mass, seven margins and strict arithmetic
mkdir -p build/copied-reversed/producer
python3 scripts/copied_centers_producer.py --work-dir build/copied-reversed/producer --output build/copied-reversed/producer.json
Checking 47 exact rational pivots and 315 weight-independent zero minors
Regenerating only new complex h=28, d=19 scalar producer
h=28 phase 1 length 1 gained 12776 total 12776
h=28 phase 2 length 2 gained 3 total 12779
python3 research/copied-reversed/geometry.py
PASS EXACT REVERSED23/25 GEOMETRY; PR36 PHYSICAL INTEGRATION SEPARATE [1, 1, 1, 1, 1, 1, 1, 1, 1, 21, 17, 481] 47
python3 research/copied-reversed/witness.py
PASS bit=962729831/25000000000000; kappa=3850771033/100000000000000;47 strict constraints;7 margins;stock2000
python3 -m unittest discover -s tests -p 'test_copied_reversed.py' -v
test_actual_next_bit_exclusion (test_copied_reversed.CopiedReversedTests.test_actual_next_bit_exclusion) ... ok
test_disjoint_accounting (test_copied_reversed.CopiedReversedTests.test_disjoint_accounting) ... ok
test_enlarged_E_and_row_failures (test_copied_reversed.CopiedReversedTests.test_enlarged_E_and_row_failures) ... ok
test_float_rejected (test_copied_reversed.CopiedReversedTests.test_float_rejected) ... ok
test_frozen_witness (test_copied_reversed.CopiedReversedTests.test_frozen_witness) ... ok
test_full_constraints_and_margins (test_copied_reversed.CopiedReversedTests.test_full_constraints_and_margins) ... ok
test_full_geometry (test_copied_reversed.CopiedReversedTests.test_full_geometry) ... ok
test_geometry_bad_rankcut (test_copied_reversed.CopiedReversedTests.test_geometry_bad_rankcut) ... ok
test_geometry_bad_source (test_copied_reversed.CopiedReversedTests.test_geometry_bad_source) ... ok
test_negative_controls (test_copied_reversed.CopiedReversedTests.test_negative_controls) ... ok
test_rank_preserving_child_mutation_fails (test_copied_reversed.CopiedReversedTests.test_rank_preserving_child_mutation_fails) ... ok
test_source_pin_corruption (test_copied_reversed.CopiedReversedTests.test_source_pin_corruption) ... ok

----------------------------------------------------------------------
Ran 12 tests in 0.125s

OK
mkdir -p build/copied-fixed-reversed/producer
python3 research/copied-fixed-reversed/producer.py --work-dir build/copied-fixed-reversed/producer --output build/copied-fixed-reversed/producer.json
h=25 phase 1 length 1 gained 1589 total 1589
PASS fresh base-two h25 original/positive producer and five-prime profile; matrices=96273
python3 research/copied-fixed-reversed/review/fixed25_copied_crt_audit.py --work-dir build/copied-fixed-reversed/producer --record build/copied-fixed-reversed/producer.json --profiler-source research/copied-fixed-reversed/full_profiles25.cpp --output build/copied-fixed-reversed/crt-audit.json
python3 research/copied-fixed-reversed/geometry.py --full
PASS fixed25 geometry:2300 triples,108100 prefixes,25 copied-center complements; replay=True
python3 research/copied-fixed-reversed/witness.py
PASS bit=3886826921/100000000000000;kappa=971668963/25000000000000;47constraints;7margins;27classes;p^2000
python3 -m unittest discover -s tests -p 'test_copied_fixed_reversed.py'
..........
----------------------------------------------------------------------
Ran 10 tests in 0.036s

OK
/Applications/Xcode.app/Contents/Developer/usr/bin/make copied-fixed-verify
python3 research/copied-fixed/producer.py
Rebuilding scalar graph, original labels and fixed profiles, h=23
profiles 10000 of 139675
profiles 20000 of 139675
profiles 30000 of 139675
profiles 40000 of 139675
profiles 50000 of 139675
profiles 60000 of 139675
CRT matrices 5379 differing modular profiles 0
RANKONE h 23 longest 21 output /var/folders/4y/j74qpf6s40540trhptstlxt40000gn/T/copied-fixed-6holryns/h23.bin.round3_rankone_certified_profiles.json
PASS complete physical timeline and every dirty basis vector, both orientations h=23
PASS complete h=23 supports, all matching uses, rank count and CRT profiles
Rebuilding scalar graph, original labels and fixed profiles, h=25
profiles 10000 of 185559
profiles 20000 of 185559
profiles 30000 of 185559
profiles 40000 of 185559
profiles 50000 of 185559
profiles 60000 of 185559
profiles 70000 of 185559
profiles 80000 of 185559
profiles 90000 of 185559
CRT matrices 7186 differing modular profiles 0
RANKONE h 25 longest 23 output /var/folders/4y/j74qpf6s40540trhptstlxt40000gn/T/copied-fixed-6holryns/h25.bin.round3_rankone_certified_profiles.json
PASS complete physical timeline and every dirty basis vector, both orientations h=25
PASS complete h=25 supports, all matching uses, rank count and CRT profiles
Checking all 4,073,300 actual fixed-basis data pairs
checked first triples 250 of 1771
checked first triples 500 of 1771
checked first triples 750 of 1771
checked first triples 1000 of 1771
checked first triples 1250 of 1771
checked first triples 1500 of 1771
checked first triples 1750 of 1771
PASS all data pairs; ten primary-prime failures recovered over Q
python3 research/copied-fixed/audit.py
PASS independent exact projector audit: 90 envelopes
python3 research/copied-fixed/verify.py --output research/copied-fixed/certificate.json
PASS conditional kappa=411862541/10000000000000; bit saving=82375901/2000000000000
47 strict inequalities; seven margins; all-exact enclosures; inherited balanced assembly
python3 -m unittest discover -s tests -p 'test_copied_fixed.py' -v
test_all_strict_constraints_and_dyadic_bracket (test_copied_fixed.CopiedFixedTests.test_all_strict_constraints_and_dyadic_bracket) ... ok
test_assembly_boundary_rejected (test_copied_fixed.CopiedFixedTests.test_assembly_boundary_rejected) ... ok
test_balanced_transfer_negative_controls (test_copied_fixed.CopiedFixedTests.test_balanced_transfer_negative_controls) ... ok
test_changed_graphs_reduce_physical_roles (test_copied_fixed.CopiedFixedTests.test_changed_graphs_reduce_physical_roles) ... ok
test_corrupted_pair_coverage_rejected (test_copied_fixed.CopiedFixedTests.test_corrupted_pair_coverage_rejected) ... ok
test_deterministic_prime_and_minor_gaps (test_copied_fixed.CopiedFixedTests.test_deterministic_prime_and_minor_gaps) ... ok
test_exact_recovery_explains_primary_modular_failures (test_copied_fixed.CopiedFixedTests.test_exact_recovery_explains_primary_modular_failures) ... ok
test_float_saving_rejected (test_copied_fixed.CopiedFixedTests.test_float_saving_rejected) ... ok
test_frozen_certificate (test_copied_fixed.CopiedFixedTests.test_frozen_certificate) ... ok
test_independent_cost_rows (test_copied_fixed.CopiedFixedTests.test_independent_cost_rows) ... ok
test_mass_corruption_rejected (test_copied_fixed.CopiedFixedTests.test_mass_corruption_rejected) ... ok
test_mismatched_source_hash_rejected (test_copied_fixed.CopiedFixedTests.test_mismatched_source_hash_rejected) ... ok
test_omitted_paid_copy_detected (test_copied_fixed.CopiedFixedTests.test_omitted_paid_copy_detected) ... ok
test_real_lower_bound_exclusions (test_copied_fixed.CopiedFixedTests.test_real_lower_bound_exclusions) ... ok
test_recovery_and_every_pair_charged (test_copied_fixed.CopiedFixedTests.test_recovery_and_every_pair_charged) ... ok
test_restriction_tree_mutation_rejected (test_copied_fixed.CopiedFixedTests.test_restriction_tree_mutation_rejected) ... ok
test_zero_recovered_pivot_rejected (test_copied_fixed.CopiedFixedTests.test_zero_recovered_pivot_rejected) ... ok

----------------------------------------------------------------------
Ran 17 tests in 0.964s

OK
/Applications/Xcode.app/Contents/Developer/usr/bin/make climbed-48-verify
python3 research/climbed-48/producer.py
Rebuilding climbed PR48 producer h=23
profiles 10000 of 139865
profiles 20000 of 139865
profiles 30000 of 139865
profiles 40000 of 139865
profiles 50000 of 139865
profiles 60000 of 139865
CRT matrices 5377 differing modular profiles 0
RANKONE h 23 longest 21 output /var/folders/4y/j74qpf6s40540trhptstlxt40000gn/T/climbed-producers-sdocwu28/h23.bin.round3_rankone_certified_profiles.json
PASS h=23 scalar, dense audit, pinned-links profile, independent recount, full timeline and dirty basis (both orientations)
Rebuilding climbed PR48 producer h=25
profiles 10000 of 185707
profiles 20000 of 185707
profiles 30000 of 185707
profiles 40000 of 185707
profiles 50000 of 185707
profiles 60000 of 185707
profiles 70000 of 185707
profiles 80000 of 185707
profiles 90000 of 185707
CRT matrices 7176 differing modular profiles 0
RANKONE h 25 longest 23 output /var/folders/4y/j74qpf6s40540trhptstlxt40000gn/T/climbed-producers-sdocwu28/h25.bin.round3_rankone_certified_profiles.json
PASS h=25 scalar, dense audit, pinned-links profile, independent recount, full timeline and dirty basis (both orientations)
python3 research/climbed-48/witness.py --output research/climbed-48/certificate.json
PASS conditional kappa=257741499/6250000000000; bit saving=2062017027/50000000000000
47 strict inequalities; seven margins; next grid points rejected; PR40-48 networks excluded
python3 -m unittest discover -s tests -p 'test_climbed_48.py' -v
test_fewer_roles_than_pr48 (test_climbed_48.OptimalMatchingTests.test_fewer_roles_than_pr48) ... ok
test_frozen_certificate (test_climbed_48.OptimalMatchingTests.test_frozen_certificate) ... ok
test_matching_differs_from_pr43_and_is_injective (test_climbed_48.OptimalMatchingTests.test_matching_differs_from_pr43_and_is_injective) ... ok
test_pr48_network_excluded (test_climbed_48.OptimalMatchingTests.test_pr48_network_excluded) ... ok
test_strict_assembly_and_bracket (test_climbed_48.OptimalMatchingTests.test_strict_assembly_and_bracket) ... ok

----------------------------------------------------------------------
Ran 5 tests in 0.158s

OK
/Applications/Xcode.app/Contents/Developer/usr/bin/make verify-producers
/Applications/Xcode.app/Contents/Developer/usr/bin/make copied-centers-verify
python3 scripts/copied_centers_producer.py
Checking 47 exact rational pivots and 315 weight-independent zero minors
Regenerating only new complex h=28, d=19 scalar producer
h=28 phase 1 length 1 gained 12776 total 12776
h=28 phase 2 length 2 gained 3 total 12779
{
  "bit": {
    "25": {
      "reused_validated_producer": true,
      "baseline_certificate_equal": true,
      "copied": {
        "histogram": [
          12884,
          50502,
          41948,
          11341,
          13202,
          2948,
          6911,
          1451,
          5205,
          2429,
          3751,
          1361,
          3720,
          2639,
          3241,
          1571,
          3334,
          3366,
          2963,
          4019,
          2608,
          4868,
          12360,
          2802,
          25,
          0
        ],
        "rank_sum": 1283075,
        "saved_rank": 600,
        "retained_total_uses": 25,
        "roles_unchanged": 51299
      }
    },
    "23": {
      "reused_validated_producer": true,
      "baseline_certificate_equal": true,
      "copied": {
        "histogram": [
          9840,
          38432,
          32471,
          8898,
          9754,
          2116,
          5737,
          1725,
          4145,
          1547,
          3128,
          1551,
          2893,
          1925,
          2841,
          2450,
          2327,
          3096,
          2344,
          3628,
          9435,
          2110,
          23,
          0
        ],
        "rank_sum": 892354,
        "saved_rank": 506,
        "retained_total_uses": 23,
        "roles_unchanged": 38776
      }
    }
  },
  "corner": {
    "dimensions": [
      25,
      23
    ],
    "rational_pivots": 47,
    "zero_minors": 315,
    "integer_rank_checks": 630,
    "data_profile": {
      "singletons": 11,
      "blocks": [
        21,
        15,
        481
      ],
      "rank": 528
    },
    "exact": true,
    "matroid_search_repeated": false
  },
  "complex": {
    "h": 28,
    "v": 3276,
    "c": 78437,
    "q": 13132,
    "baseline_R": 91569,
    "matched": 12779,
    "R": 78790,
    "orientation_changes": 6365,
    "rank_sum": 2207632,
    "loss": 756,
    "histogram": [
      14796,
      80839,
      51402,
      24710,
      17872,
      14202,
      9887,
      8062,
      10721,
      4907,
      7738,
      3469,
      7262,
      4000,
      6854,
      3772,
      7508,
      3177,
      8013,
      3453,
      7074,
      5763,
      8999,
      6223,
      5919,
      337,
      571,
      28,
      28
    ],
    "central_disjoint": 19,
    "construction": {
      "h": 28,
      "v": 3276,
      "c": 78437,
      "q": 13132,
      "R": 91569,
      "loss": 756,
      "central_disjoint": 19,
      "histogram": [
        14715,
        83373,
        54122,
        22399,
        19147,
        15580,
        13184,
        8520,
        11501,
        5137,
        8581,
        3893,
        7698,
        4536,
        7448,
        4296,
        7756,
        4125,
        8036,
        4795,
        7506,
        7176,
        8781,
        8404,
        6510,
        1170,
        4699,
        28,
        28
      ],
      "rank_sum": 2565444,
      "scalar_validation": {
        "ordinary_supports_exact": true,
        "centers_exact": true,
        "dyadic_identity_exact": true,
        "mixed_center_scatter_exact": true,
        "binary_frames_nested": true,
        "binary_frames_nondegenerate": true
      }
    },
    "copied": {
      "histogram": [
        14796,
        80867,
        51402,
        24710,
        17872,
        14202,
        9887,
        8062,
        10721,
        4907,
        7738,
        3469,
        7262,
        4000,
        6854,
        3772,
        7508,
        3177,
        8013,
        3453,
        7074,
        5763,
        8999,
        6223,
        5919,
        337,
        571,
        28,
        0
      ],
      "rank_sum": 2206876,
      "saved_rank": 756,
      "retained_total_uses": 28,
      "roles_unchanged": 78790
    },
    "certificate_equal": true
  },
  "old_bit_producer_regeneration_skipped": true,
  "incremental_selected_checks_only": true
}
python3 scripts/copied_centers_network.py
PASS kappa=384569/10000000000 = 3.84569e-5
Both exact moments; copied-center rank budgets; C1=1; p^2000 row stock; 47 strict constraints
/Applications/Xcode.app/Contents/Developer/usr/bin/make structured-bulk-verify
python3 scripts/structured_bulk_producer.py
Structured bulk bit h=36: scalar DAG and exact support checks
h=36 phase 1 length 1 gained 4140 total 4140
Structured bulk bit h=30: scalar DAG for fixed-basis profiling only
Reconstructing h30 original matching and all fixed-basis CRT profiles
h=30 phase 1 length 1 gained 2910 total 2910
profiles 10000 of 321941
profiles 20000 of 321941
profiles 30000 of 321941
profiles 40000 of 321941
profiles 50000 of 321941
profiles 60000 of 321941
profiles 70000 of 321941
profiles 80000 of 321941
profiles 90000 of 321941
profiles 100000 of 321941
profiles 110000 of 321941
profiles 120000 of 321941
profiles 130000 of 321941
profiles 140000 of 321941
profiles 150000 of 321941
profiles 160000 of 321941
profiles 170000 of 321941
profiles 180000 of 321941
CRT matrices 1020 differing modular profiles 0
RANKONE h 30 longest 28 output /var/folders/4y/j74qpf6s40540trhptstlxt40000gn/T/structured-bulk-3l9zl88g/triple30.bin.round3_rankone_certified_profiles.json
Structured bulk complex h=30, d=19: exact mixed-center producer
h=30 phase 1 length 1 gained 15847 total 15847
h=30 phase 2 length 2 gained 3 total 15850
Structured bulk complex h=40, d=35: exact mixed-center producer
h=40 phase 1 length 1 gained 37268 total 37268
h=40 phase 2 length 2 gained 3 total 37271
{
  "reused_bit_axes": [
    32,
    30
  ],
  "bit": {
    "36": {
      "h": 36,
      "v": 7140,
      "c": 153144,
      "q": 21456,
      "baseline_R": 174600,
      "matched": 4140,
      "R": 170460,
      "orientation_changes": 1926,
      "rank_sum": 6139080,
      "loss": 1260,
      "histogram": [
        13572,
        172296,
        112644,
        30024,
        58266,
        34236,
        11106,
        13104,
        10872,
        7488,
        4968,
        7488,
        6552,
        6984,
        4968,
        6912,
        7164,
        5868,
        4968,
        8100,
        5760,
        5472,
        4968,
        7488,
        7002,
        5652,
        4968,
        10116,
        6858,
        9216,
        9684,
        36360,
        17298,
        72,
        10098,
        36,
        36
      ],
      "scalar": {
        "h": 36,
        "inputs": 7140,
        "partial_outputs": 21456,
        "additions": 153144,
        "roles": 174600,
        "merged_additions": 20052,
        "all_additions_disjoint": true,
        "all_partial_outputs_exact": true,
        "every_node_has_common_point": true,
        "circuit_sha256": "13b97cb1e63842d932030599476d384d4c9728381d61038070de90c90d12d2d8"
      },
      "certificate_equal": true,
      "label_mode": "original_envelope"
    },
    "30": {
      "original_matching": {
        "h": 30,
        "v": 4060,
        "c": 85440,
        "q": 12210,
        "baseline_R": 97650,
        "matched": 2910,
        "R": 94740,
        "orientation_changes": 1515,
        "rank_sum": 2843940,
        "loss": 870,
        "histogram": [
          8460,
          98790,
          63210,
          15510,
          32640,
          21600,
          6735,
          7890,
          7410,
          5760,
          3315,
          4200,
          4350,
          5580,
          3090,
          4200,
          4395,
          4680,
          3540,
          4200,
          4140,
          7200,
          4215,
          5880,
          5655,
          20190,
          9975,
          30,
          5670,
          30,
          30
        ]
      },
      "profile": {
        "h": 30,
        "v": 4060,
        "R": 94740,
        "loss": 870,
        "rank_sum": 2843940,
        "field_prime": 2305843009213693951,
        "frames": 81042,
        "distinct_matrices": 184380,
        "crt_matrices": 1020,
        "crt_disagreements": 0,
        "blocks": [
          0,
          732995,
          44182,
          51426,
          16384,
          25890,
          12459,
          27850,
          9777,
          17365,
          7240,
          17013,
          5820,
          11236,
          4259,
          9880,
          3026,
          6497,
          1943,
          4817,
          1082,
          3171,
          549,
          1880,
          103,
          1292,
          0,
          756,
          30,
          0,
          30
        ]
      },
      "exactness": {
        "deterministic_primality": true,
        "bounded_minors_exact": true,
        "primes": [
          2305843009213693951,
          2147483647,
          524287
        ],
        "numerator_bounds": [
          275189584885776,
          617808735437382504,
          9326311597947744700460130816
        ],
        "all_selected_profiles_recomputed": true
      },
      "certificate_equal": true,
      "label_mode": "original_envelope_fixed_I_plus_J"
    }
  },
  "complex": {
    "30:19": {
      "h": 30,
      "v": 4060,
      "c": 98674,
      "q": 16270,
      "baseline_R": 114944,
      "matched": 15850,
      "R": 99094,
      "orientation_changes": 7983,
      "rank_sum": 2974560,
      "loss": 870,
      "histogram": [
        18376,
        100478,
        63220,
        30527,
        22931,
        17943,
        11167,
        10103,
        13408,
        5214,
        8149,
        4445,
        9397,
        4176,
        7463,
        4387,
        9595,
        3778,
        7450,
        3717,
        9859,
        3769,
        8201,
        7415,
        10857,
        7558,
        7114,
        404,
        645,
        30,
        30
      ],
      "construction": {
        "h": 30,
        "v": 4060,
        "c": 98674,
        "q": 16270,
        "R": 114944,
        "loss": 870,
        "central_disjoint": 19,
        "histogram": [
          18262,
          103581,
          66612,
          27542,
          24574,
          18879,
          15438,
          11000,
          14182,
          5817,
          9064,
          4584,
          10255,
          4979,
          8032,
          4824,
          9737,
          4767,
          7682,
          5000,
          10447,
          5203,
          8230,
          9312,
          10649,
          9784,
          7766,
          1398,
          5846,
          30,
          30
        ],
        "rank_sum": 3450060,
        "scalar_validation": {
          "ordinary_supports_exact": true,
          "centers_exact": true,
          "dyadic_identity_exact": true,
          "mixed_center_scatter_exact": true,
          "binary_frames_nested": true,
          "binary_frames_nondegenerate": true
        }
      },
      "certificate_equal": true
    },
    "40:35": {
      "h": 40,
      "v": 9880,
      "c": 250358,
      "q": 39560,
      "baseline_R": 289918,
      "matched": 37271,
      "R": 252647,
      "orientation_changes": 19079,
      "rank_sum": 10109000,
      "loss": 1560,
      "histogram": [
        43021,
        245271,
        154551,
        73888,
        52631,
        42852,
        25884,
        23593,
        26530,
        11768,
        15968,
        7520,
        15376,
        9682,
        15386,
        6902,
        17726,
        7259,
        13882,
        7052,
        15542,
        6614,
        15064,
        6805,
        15944,
        6272,
        14736,
        8136,
        16178,
        6298,
        19514,
        7629,
        15904,
        16131,
        24071,
        17183,
        14985,
        375,
        1367,
        40,
        40
      ],
      "construction": {
        "h": 40,
        "v": 9880,
        "c": 250358,
        "q": 39560,
        "R": 289918,
        "loss": 1560,
        "central_disjoint": 35,
        "histogram": [
          42935,
          251917,
          163416,
          66072,
          55522,
          45820,
          36179,
          23840,
          28887,
          11760,
          18080,
          8224,
          17048,
          10032,
          16936,
          7584,
          18612,
          7955,
          14810,
          7760,
          16418,
          7904,
          15697,
          8137,
          16620,
          8144,
          14864,
          10080,
          15612,
          8880,
          19240,
          11104,
          16478,
          19347,
          23431,
          22084,
          16434,
          1930,
          14239,
          40,
          40
        ],
        "rank_sum": 11599840,
        "scalar_validation": {
          "ordinary_supports_exact": true,
          "centers_exact": true,
          "dyadic_identity_exact": true,
          "mixed_center_scatter_exact": true,
          "binary_frames_nested": true,
          "binary_frames_nondegenerate": true
        }
      },
      "certificate_equal": true
    }
  },
  "unchanged_positive_producers_skipped": true
}
python3 scripts/structured_bulk_network.py
PASS kappa=2504683/200000000000 = 1.2523415e-5
Both moments; semantic C1=1; product row stock; 47 strict constraints and seven margins
/Applications/Xcode.app/Contents/Developer/usr/bin/make endpoint-gauge-producer endpoint-gauge-certificate
python3 scripts/endpoint_gauge_producer.py
Endpoint gauge bit h=32: ordinary-base scalar DAG
h=32 phase 1 length 1 gained 3296 total 3296
h=32 phase 1 length 1 gained 3296 total 3296
Endpoint gauge complex h=32: scalar DAG and exact coefficients
h=32 phase 1 length 1 gained 19238 total 19238
h=32 phase 2 length 2 gained 3 total 19241
Endpoint gauge bit h=30: ordinary-base scalar DAG
h=30 phase 1 length 1 gained 2910 total 2910
h=30 phase 1 length 1 gained 2910 total 2910
Endpoint gauge complex h=30: scalar DAG and exact coefficients
h=30 phase 1 length 1 gained 15870 total 15870
h=30 phase 2 length 2 gained 3 total 15873
Endpoint gauge bit h=40: ordinary-base scalar DAG
h=40 phase 1 length 1 gained 5120 total 5120
h=40 phase 1 length 1 gained 5120 total 5120
Endpoint gauge complex h=40: scalar DAG and exact coefficients
h=40 phase 1 length 1 gained 37639 total 37639
h=40 phase 2 length 2 gained 3 total 37642
{
  "bit": {
    "32": {
      "h": 32,
      "v": 4960,
      "c": 105056,
      "q": 14912,
      "baseline_R": 119968,
      "matched": 3296,
      "R": 116672,
      "orientation_changes": 1776,
      "rank_sum": 3735488,
      "loss": 992,
      "histogram": [
        30080,
        112007,
        89574,
        27108,
        26166,
        6025,
        11936,
        5120,
        10640,
        4640,
        4480,
        4176,
        6304,
        4080,
        4768,
        4304,
        5712,
        4480,
        4704,
        4080,
        5712,
        5040,
        4288,
        4025,
        6705,
        5390,
        8728,
        4649,
        8791,
        27632,
        6960,
        32,
        32
      ],
      "scalar": {
        "h": 32,
        "inputs": 4960,
        "partial_outputs": 14912,
        "additions": 105056,
        "roles": 119968,
        "merged_additions": 13792,
        "all_additions_disjoint": true,
        "all_partial_outputs_exact": true,
        "every_node_has_common_point": true,
        "circuit_sha256": "9929f150cf1a5baa588f9fec21328ac1be4b720b63aa68814a0b7413814cbf61",
        "retained_total_scalar_identity_exact": true
      },
      "labels": {
        "h": 32,
        "nodes": 110017,
        "forward_classes": 100096,
        "positive_classes": 79936
      },
      "envelope_matching": {
        "h": 32,
        "v": 4960,
        "c": 105056,
        "q": 14912,
        "baseline_R": 119968,
        "matched": 3296,
        "R": 116672,
        "orientation_changes": 1776,
        "rank_sum": 3735488,
        "loss": 992,
        "histogram": [
          9920,
          119776,
          77344,
          20960,
          40512,
          23968,
          7984,
          10432,
          8592,
          5728,
          3904,
          5664,
          4928,
          4960,
          3904,
          6080,
          4896,
          4416,
          3904,
          5664,
          5424,
          4608,
          3904,
          7328,
          5248,
          6816,
          7136,
          25152,
          12128,
          64,
          6960,
          32,
          32
        ]
      },
      "certificate_equal": true
    },
    "30": {
      "h": 30,
      "v": 4060,
      "c": 85440,
      "q": 12210,
      "baseline_R": 97650,
      "matched": 2910,
      "R": 94740,
      "orientation_changes": 1515,
      "rank_sum": 2843940,
      "loss": 870,
      "histogram": [
        24840,
        90990,
        75396,
        19674,
        21171,
        5499,
        11985,
        3540,
        8370,
        4095,
        4680,
        3150,
        5190,
        3975,
        4785,
        3240,
        4455,
        3990,
        5040,
        3270,
        4155,
        4095,
        6759,
        3546,
        7875,
        3384,
        7641,
        22050,
        5670,
        30,
        30
      ],
      "scalar": {
        "h": 30,
        "inputs": 4060,
        "partial_outputs": 12210,
        "additions": 85440,
        "roles": 97650,
        "merged_additions": 11010,
        "all_additions_disjoint": true,
        "all_partial_outputs_exact": true,
        "every_node_has_common_point": true,
        "circuit_sha256": "5e8b5d9782c308e6b50b5303427b22d19769b825544017c064ecf392f57a69e5",
        "retained_total_scalar_identity_exact": true
      },
      "labels": {
        "h": 30,
        "nodes": 89501,
        "forward_classes": 81040,
        "positive_classes": 64660
      },
      "envelope_matching": {
        "h": 30,
        "v": 4060,
        "c": 85440,
        "q": 12210,
        "baseline_R": 97650,
        "matched": 2910,
        "R": 94740,
        "orientation_changes": 1515,
        "rank_sum": 2843940,
        "loss": 870,
        "histogram": [
          8460,
          98790,
          63210,
          15510,
          32640,
          21600,
          6735,
          7890,
          7410,
          5760,
          3315,
          4200,
          4350,
          5580,
          3090,
          4200,
          4395,
          4680,
          3540,
          4200,
          4140,
          7200,
          4215,
          5880,
          5655,
          20190,
          9975,
          30,
          5670,
          30,
          30
        ]
      },
      "certificate_equal": true
    },
    "40": {
      "h": 40,
      "v": 9880,
      "c": 214480,
      "q": 29680,
      "baseline_R": 244160,
      "matched": 5120,
      "R": 239040,
      "orientation_changes": 2460,
      "rank_sum": 9564720,
      "loss": 1560,
      "histogram": [
        59480,
        222969,
        182768,
        52084,
        53188,
        8891,
        23480,
        8160,
        18020,
        7720,
        7200,
        6580,
        11800,
        6020,
        7680,
        6260,
        11080,
        6460,
        7600,
        6340,
        8640,
        6060,
        7520,
        6300,
        9660,
        7200,
        7440,
        6220,
        10020,
        8020,
        6800,
        6391,
        12821,
        8578,
        16870,
        7411,
        16949,
        55900,
        14060,
        40,
        40
      ],
      "scalar": {
        "h": 40,
        "inputs": 9880,
        "partial_outputs": 29680,
        "additions": 214480,
        "roles": 244160,
        "merged_additions": 27960,
        "all_additions_disjoint": true,
        "all_partial_outputs_exact": true,
        "every_node_has_common_point": true,
        "circuit_sha256": "e7ed2c6cc5498be5c19ac93cbb9bb6ee86a5a003c1879b5f28d854eff090219f",
        "retained_total_scalar_identity_exact": true
      },
      "labels": {
        "h": 40,
        "nodes": 224361,
        "forward_classes": 205920,
        "positive_classes": 164880
      },
      "envelope_matching": {
        "h": 40,
        "v": 9880,
        "c": 214480,
        "q": 29680,
        "baseline_R": 244160,
        "matched": 5120,
        "R": 239040,
        "orientation_changes": 2460,
        "rank_sum": 9564720,
        "loss": 1560,
        "histogram": [
          18440,
          238280,
          157360,
          39320,
          81280,
          47080,
          14940,
          19000,
          14460,
          9640,
          6160,
          9040,
          8360,
          8680,
          6160,
          9200,
          8920,
          7240,
          6160,
          8640,
          7080,
          6840,
          6160,
          9880,
          7680,
          7000,
          6160,
          9360,
          8940,
          7320,
          6160,
          13480,
          8720,
          12280,
          12840,
          50480,
          23760,
          80,
          14060,
          40,
          40
        ]
      },
      "certificate_equal": true
    }
  },
  "complex": {
    "32": {
      "h": 32,
      "v": 4960,
      "c": 122512,
      "q": 19873,
      "baseline_R": 142385,
      "matched": 19241,
      "R": 123144,
      "orientation_changes": 9611,
      "rank_sum": 3942656,
      "loss": 1024,
      "histogram": [
        22724,
        124265,
        77585,
        37222,
        26882,
        21504,
        14641,
        12240,
        15072,
        6804,
        9744,
        4796,
        9742,
        5310,
        9630,
        4426,
        9993,
        4264,
        9076,
        4920,
        9988,
        4210,
        11128,
        4581,
        9563,
        8507,
        12976,
        9091,
        8624,
        646,
        965,
        32,
        34
      ],
      "construction": {
        "h": 32,
        "v": 4960,
        "c": 122512,
        "q": 19873,
        "R": 142385,
        "loss": 1024,
        "histogram": [
          22689,
          128184,
          81852,
          33520,
          28658,
          23324,
          19704,
          12384,
          15992,
          6992,
          10920,
          5360,
          10592,
          5888,
          10504,
          5088,
          10820,
          5136,
          9400,
          5840,
          9870,
          5536,
          11096,
          6496,
          10044,
          10320,
          12636,
          12036,
          9160,
          1984,
          7576,
          32,
          34
        ],
        "rank_sum": 4558368,
        "scalar_validation": {
          "ordinary_supports_exact": true,
          "centers_exact": true,
          "dyadic_identity_exact": true,
          "binary_frames_nested": true,
          "binary_frames_nondegenerate": true
        }
      },
      "certificate_equal": true
    },
    "30": {
      "h": 30,
      "v": 4060,
      "c": 99153,
      "q": 16271,
      "baseline_R": 115424,
      "matched": 15873,
      "R": 99551,
      "orientation_changes": 7863,
      "rank_sum": 2988330,
      "loss": 900,
      "histogram": [
        18700,
        101608,
        63321,
        30537,
        22893,
        17943,
        11167,
        10103,
        13266,
        5233,
        8159,
        4445,
        9387,
        4157,
        7464,
        4387,
        9566,
        3759,
        7440,
        3717,
        9859,
        3769,
        8202,
        7415,
        10857,
        7558,
        7285,
        575,
        845,
        30,
        32
      ],
      "construction": {
        "h": 30,
        "v": 4060,
        "c": 99153,
        "q": 16271,
        "R": 115424,
        "loss": 900,
        "histogram": [
          18672,
          104892,
          66703,
          27542,
          24526,
          18860,
          15440,
          11000,
          13985,
          5760,
          9024,
          4584,
          10206,
          4922,
          8036,
          4824,
          9712,
          4710,
          7652,
          5000,
          10437,
          5184,
          8233,
          9312,
          10650,
          9784,
          7756,
          1740,
          6217,
          30,
          32
        ],
        "rank_sum": 3464520,
        "scalar_validation": {
          "ordinary_supports_exact": true,
          "centers_exact": true,
          "dyadic_identity_exact": true,
          "binary_frames_nested": true,
          "binary_frames_nondegenerate": true
        }
      },
      "certificate_equal": true
    },
    "40": {
      "h": 40,
      "v": 9880,
      "c": 252023,
      "q": 39561,
      "baseline_R": 291584,
      "matched": 37642,
      "R": 253942,
      "orientation_changes": 18853,
      "rank_sum": 10160880,
      "loss": 1600,
      "histogram": [
        44113,
        248333,
        155056,
        73906,
        52613,
        42852,
        25867,
        23628,
        26530,
        11768,
        15968,
        7520,
        15376,
        9682,
        15386,
        6902,
        17514,
        7364,
        13936,
        7052,
        15542,
        6614,
        15046,
        6770,
        15944,
        6272,
        14736,
        8136,
        16178,
        6298,
        19514,
        7629,
        15904,
        16131,
        24071,
        17183,
        15580,
        970,
        1525,
        40,
        42
      ],
      "construction": {
        "h": 40,
        "v": 9880,
        "c": 252023,
        "q": 39561,
        "R": 291584,
        "loss": 1600,
        "histogram": [
          44027,
          255592,
          163903,
          66072,
          55504,
          45820,
          36144,
          23840,
          28891,
          11760,
          18080,
          8224,
          17048,
          10032,
          16936,
          7584,
          18455,
          7920,
          14792,
          7760,
          16400,
          7904,
          15608,
          8032,
          16622,
          8144,
          14864,
          10080,
          15612,
          8880,
          19240,
          11104,
          16482,
          19312,
          23413,
          22084,
          16416,
          3120,
          14992,
          40,
          42
        ],
        "rank_sum": 11666560,
        "scalar_validation": {
          "ordinary_supports_exact": true,
          "centers_exact": true,
          "dyadic_identity_exact": true,
          "binary_frames_nested": true,
          "binary_frames_nondegenerate": true
        }
      },
      "certificate_equal": true
    }
  },
  "regenerated_from_source": true,
  "bit_base_threshold": 4,
  "complex_triple_base_threshold": 2
}
python3 scripts/endpoint_gauge_network.py
PASS endpoint-gauge kappa=119723/20000000000 = 5.98615e-6
29 strict constraints; 7 assembly margins; both moments and precision guard
/Applications/Xcode.app/Contents/Developer/usr/bin/make partial-swap-producer partial-swap-certificate
python3 scripts/partial_swap_producer.py
Regenerating h=25: scalar DAG
h=25 phase 1 length 1 gained 1589 total 1589
Regenerating h=25: positive labels
h=25 phase 1 length 1 gained 1589 total 1589
Regenerating h=23: scalar DAG
h=23 phase 1 length 1 gained 1324 total 1324
Regenerating h=23: positive labels
h=23 phase 1 length 1 gained 1324 total 1324
Regenerating h=57: scalar DAG
h=57 phase 1 length 1 gained 9264 total 9264
Regenerating h=57: positive labels
h=57 phase 1 length 1 gained 9264 total 9264
Regenerating complex h=28 histogram
{
  "producers": {
    "25": {
      "h": 25,
      "v": 2300,
      "c": 45963,
      "q": 6925,
      "baseline_R": 52888,
      "matched": 1589,
      "R": 51299,
      "orientation_changes": 714,
      "rank_sum": 1283675,
      "loss": 600,
      "histogram": [
        12884,
        50477,
        41948,
        11341,
        13202,
        2948,
        6911,
        1451,
        5205,
        2429,
        3751,
        1361,
        3720,
        2639,
        3241,
        1571,
        3334,
        3366,
        2963,
        4019,
        2608,
        4868,
        12360,
        2802,
        25,
        25
      ],
      "labels": {
        "h": 25,
        "nodes": 48264,
        "forward_classes": 43563,
        "positive_classes": 35379
      },
      "scalar": {
        "h": 25,
        "inputs": 2300,
        "partial_outputs": 6925,
        "additions": 45963,
        "roles": 52888,
        "merged_additions": 6912,
        "all_additions_disjoint": true,
        "all_partial_outputs_exact": true,
        "every_node_has_common_point": true,
        "circuit_sha256": "69283632099c012ae00cf1e9ab5b1f0757912944ff0708aa6cbf7633d841fd88"
      },
      "envelope_matching": {
        "h": 25,
        "v": 2300,
        "c": 45963,
        "q": 6925,
        "baseline_R": 52888,
        "matched": 1589,
        "R": 51299,
        "orientation_changes": 714,
        "rank_sum": 1283675,
        "loss": 600,
        "histogram": [
          4700,
          53961,
          37271,
          7476,
          20767,
          9465,
          5320,
          3114,
          6070,
          1564,
          3720,
          1464,
          5070,
          1289,
          3720,
          1164,
          5310,
          1449,
          4645,
          2614,
          11304,
          6642,
          0,
          3300,
          25,
          25
        ]
      },
      "certificate_equal": true
    },
    "23": {
      "h": 23,
      "v": 1771,
      "c": 34764,
      "q": 5336,
      "baseline_R": 40100,
      "matched": 1324,
      "R": 38776,
      "orientation_changes": 565,
      "rank_sum": 892860,
      "loss": 506,
      "histogram": [
        9840,
        38409,
        32471,
        8898,
        9754,
        2116,
        5737,
        1725,
        4145,
        1547,
        3128,
        1551,
        2893,
        1925,
        2841,
        2450,
        2327,
        3096,
        2344,
        3628,
        9435,
        2110,
        23,
        23
      ],
      "labels": {
        "h": 23,
        "nodes": 36536,
        "forward_classes": 32855,
        "positive_classes": 26695
      },
      "scalar": {
        "h": 23,
        "inputs": 1771,
        "partial_outputs": 5336,
        "additions": 34764,
        "roles": 40100,
        "merged_additions": 5302,
        "all_additions_disjoint": true,
        "all_partial_outputs_exact": true,
        "every_node_has_common_point": true,
        "circuit_sha256": "2d8f6198825e2e1706441e591745a353dba72a0fcf468ecf85a93d3b48283750"
      },
      "envelope_matching": {
        "h": 23,
        "v": 1771,
        "c": 34764,
        "q": 5336,
        "baseline_R": 40100,
        "matched": 1324,
        "R": 38776,
        "orientation_changes": 565,
        "rank_sum": 892860,
        "loss": 506,
        "histogram": [
          3680,
          41456,
          28747,
          5796,
          15495,
          7040,
          4964,
          2520,
          4320,
          1416,
          3538,
          1163,
          3722,
          1140,
          4264,
          1058,
          3676,
          1991,
          8663,
          5191,
          0,
          2530,
          23,
          23
        ]
      },
      "certificate_equal": true
    },
    "57": {
      "h": 57,
      "v": 29260,
      "c": 651213,
      "q": 87837,
      "baseline_R": 739050,
      "matched": 9264,
      "R": 729786,
      "orientation_changes": 3564,
      "rank_sum": 41604186,
      "loss": 3192,
      "histogram": [
        171318,
        651573,
        566364,
        137233,
        164158,
        15372,
        75503,
        8071,
        52184,
        13888,
        20431,
        7625,
        32053,
        10364,
        19167,
        8889,
        27939,
        11286,
        19271,
        8785,
        21602,
        9814,
        19261,
        8795,
        22732,
        12389,
        19365,
        8691,
        21012,
        10404,
        19355,
        8701,
        22142,
        12352,
        19459,
        8597,
        20422,
        10196,
        19449,
        8607,
        19956,
        16818,
        19553,
        8503,
        19604,
        20476,
        18289,
        8171,
        18510,
        37106,
        16535,
        46799,
        14592,
        52132,
        167608,
        40250,
        57,
        57
      ],
      "labels": {
        "h": 57,
        "nodes": 680474,
        "forward_classes": 628603,
        "positive_classes": 509155
      },
      "scalar": {
        "h": 57,
        "inputs": 29260,
        "partial_outputs": 87837,
        "additions": 651213,
        "roles": 739050,
        "merged_additions": 88704,
        "all_additions_disjoint": true,
        "all_partial_outputs_exact": true,
        "every_node_has_common_point": true,
        "circuit_sha256": "5608e46cdbef80dc12e6c30265d93b1cc1758d2e65e10d026cbc58dafd33019b"
      },
      "envelope_matching": {
        "h": 57,
        "v": 29260,
        "c": 651213,
        "q": 87837,
        "baseline_R": 739050,
        "matched": 9264,
        "R": 729786,
        "orientation_changes": 3564,
        "rank_sum": 41604186,
        "loss": 3192,
        "histogram": [
          51870,
          695313,
          491507,
          90916,
          254082,
          126978,
          48144,
          35598,
          51051,
          15021,
          20328,
          7896,
          30588,
          11829,
          20328,
          7896,
          32526,
          6699,
          20328,
          7896,
          25116,
          6300,
          20328,
          7896,
          29049,
          6072,
          20328,
          7896,
          25116,
          6300,
          20328,
          7896,
          28593,
          5901,
          20328,
          7896,
          25116,
          5502,
          20328,
          7896,
          30531,
          6243,
          20328,
          7896,
          29904,
          10176,
          20328,
          6300,
          44926,
          10829,
          37941,
          26934,
          149352,
          73962,
          0,
          43092,
          57,
          57
        ]
      },
      "certificate_equal": true
    }
  },
  "regenerated_from_source": true,
  "complex": {
    "h": 28,
    "v": 3276,
    "roles": 93838,
    "center_roles": 29,
    "rank_sum": 2629900,
    "histogram": [
      13776,
      93912,
      23891,
      21224,
      31667,
      13552,
      9128,
      9240,
      10912,
      5656,
      8456,
      4284,
      7598,
      4872,
      7448,
      4536,
      7803,
      4228,
      8232,
      4872,
      7482,
      7224,
      5901,
      8400,
      11550,
      1512,
      5180,
      0,
      87
    ],
    "certificate_equal": true
  }
}
python3 scripts/partial_swap_network.py
PASS partial-swap kappa=942293/500000000000 = 1.884586e-6
29 strict constraints; 7 strict assembly margins; bit/complex moments and precision guard
/Applications/Xcode.app/Contents/Developer/usr/bin/make verify-certificates
python3 scripts/prime_field_network.py
PASS conditional 373/10^11 > 2^-28; margin 934813/250000000000000 gap 2313/250000000000000
python3 scripts/complex_network.py
PASS conditional 59/100000000000 > 2^-31; minimum margin 14779261/25000000000000000
Side roles per invocation 108195 vs original 3693800
python3 scripts/fast_gaussian.py
PASS conditional 1479/1000000000000 > 2^-30; minimum margin 147947041/100000000000000000 limiting ['g3']
/Applications/Xcode.app/Contents/Developer/usr/bin/make batched-certificate batched-patch
python3 scripts/controlled_bit_rank_moment.py --output certificates/controlled-bit-rank-moment.json > /dev/null
python3 scripts/batched_network.py --output certificates/batched-network.json --summary
PASS kappa=6149999/50000000000000 > 2^-23
bit saving=123/500000000; complex saving=7/10000000
minimum margin=9839998762000001/80000000000000000000000
strict absorption gap=362000001/80000000000000000000000
29 strict constraints; 7 strict margins
python3 scripts/make_batched_patch.py
Wrote /private/tmp/integer-mult-bounds/patches/batched-23.patch; retained uniform proofs plus active bulk interfaces.
python3 scripts/certify.py
PASS baseline_182: minimum 1/3064991081731777716716694054300618367237478244367204352 (g2)
PASS frozen_154: minimum 1/11417981541647679048466287755595961091061972992 (g3)
PASS same_network_130: minimum 1/680564733841876926926749214863536422912 (g3)
PASS h46_112: minimum 1/2596148429267413814265248164610048 (g3)
PASS balanced_frozen_153: minimum 1/5708990770823839524233143877797980545530986496 (g2, g3)
PASS balanced_same_network_129: minimum 1/340282366920938463463374607431768211456 (g2, g3)
PASS balanced_h46_111: minimum 1/1298074214633706907132624082305024 (g2, g3)
PASS near_supremum_frozen: minimum 99/285449538541192102976717216712838051046963019776 (g2, g3, g4)
PASS near_supremum_same_network: minimum 99/17014118346048857454480113773869893943296 (g2, g3, g4)
PASS near_supremum_h46: minimum 99/64903710732157582004918099917144064 (g2, g3, g4)
PASS pushed_109: minimum 2187/1000000000000000000000000000000000000 (g2, g3)
PASS pushed_108: minimum 6561/2000000000000000000000000000000000000 (g2, g3)
PASS pushed_rational: minimum 363407229/62500000000000000000000000000000000000000 (g2, g3)
Wrote certificates/parameters.json
python3 scripts/search_network.py
Certified h=46 best within the stated counting family,
including all h>=200 by a tail bound; dyadic saving 2^-36
python3 scripts/make_patch.py
Wrote patches/frozen-154.patch; conditional research patch, not a validated theorem
Wrote patches/balanced-153.patch; conditional research patch, not a validated theorem
Wrote patches/same-network-129.patch; conditional research patch, not a validated theorem
Wrote patches/h46-111.patch; conditional research patch, not a validated theorem
Wrote patches/h46-109.patch; conditional research patch, not a validated theorem
Wrote patches/h46-108.patch; conditional research patch, not a validated theorem
Wrote patches/h46-rational.patch; conditional research patch, not a validated theorem
python3 scripts/nonadjacent.py
PASS nonadjacent h46: kappa=1/302231454903657293676544, minimum=81/20000000000000000000000000
PASS nonadjacent frozen: kappa=1/162259276829213363391578010288128, minimum=1/101412048018258352119736256430080
python3 scripts/make_nonadjacent_patch.py
Wrote patches/nonadjacent-layout.patch; conditional direct-axis audit patch
Wrote patches/frozen-nonadjacent-107.patch; conditional direct-axis audit patch
Wrote patches/h46-nonadjacent-78.patch; conditional direct-axis audit patch
python3 scripts/tune_routing.py
PASS conditional 2^-76: minimum margin 243/17500000000000000000000000
python3 scripts/research_networks.py
Certified: shared-hierarchy screen excludes 2^-70; thinning cannot beat full h=46.
python3 scripts/search_network_variants.py
PASS exact unequal-factor search: [46, 46, 46]
Exploratory subset size 5 selected ground size 24
Exploratory subset size 7 selected ground size 23
Exploratory subset size 9 selected ground size 25
Exploratory subset size 11 selected ground size 27
Exploratory subset size 13 selected ground size 30
Exploratory subset size 15 selected ground size 32
python3 scripts/block_label_targets.py
ARITHMETIC TARGET ONLY: hypothetical rank-two labels would support 2^-59; construction missing
python3 scripts/audit_block_labels.py
PASS scoped block-label audit: intersection-only, PSD, coordinate-local and characteristic-two routes excluded
Unrestricted indefinite rational rank-two target remains OPEN
python3 scripts/audit_additive_labels.py
PASS: arbitrary point-additive rank-two frames need dimension 48 at h=24
python3 scripts/small_block_witness.py
PASS: exact h=8, r=14, k=2 labels; network deficit remains negative
python3 scripts/incidence_network.py
PASS conditional incidence-network witness 2^-67; minimum 1587/175000000000000000000000
python3 scripts/make_incidence_patch.py
Wrote independent conditional h46-incidence-67.patch
python3 scripts/search_incidence_partitions.py
Partition screen: 52053 -> 51131
python3 scripts/dag_network.py
PASS conditional shared-computation witness 2^-63; minimum 104907/700000000000000000000000
python3 scripts/make_dag_patch.py
Wrote independent conditional h46-dag-63.patch
python3 scripts/shared_point_network.py
PASS conditional shared-point witness 13*2^-66; minimum 17661/100000000000000000000000
{'h': '46', 'v': '15180', 'N': '3497963832000', 'm': '97336', 'side_roles_per_invocation': '531870', 'W': '252137288620800', 'L': '1462784875200', 'D': '572394081600', 's': '24542034552800107200', 'eta': '27/1157655136'}
Target 59: {'bit_saving': '1/156250000', 'sufficient_maximum_integer_side_roles': 158353}
python3 scripts/make_shared_point_patch.py
Wrote independent conditional h46-shared-point.patch
python3 scripts/paired_network.py
PASS conditional 2^-59; minimum 272158569/156250000000000000000000000
Ratio of minimum margin to kappa: 1.0040878939620044
python3 scripts/make_paired_patch.py
Wrote independent conditional h50-paired-59.patch
python3 scripts/prepare_layers.py
PASS preparation estimates; complex-family optimum h=25
Published result remains 2^-59. Sparse targets 2^-39 and 2^-34 remain hypothetical.
python3 scripts/audit_sparse_fusion.py
PASS bounded sparse/fusion audit; phase group size 512
Six-to-one scalar fusion verified; intervening mixing gates remain an obstruction.
python3 scripts/audit_fused_block.py
PASS exact fused block; the three-child construction fails the contraction budget.
Coordinate-child/pointwise-only fusion is excluded in the stated recursive model.
python3 scripts/audit_short_guards.py
PASS short-guard arithmetic and reduction targets; fast gathering remains unproved.
python3 scripts/audit_gather_schedules.py
PASS gather schedules and scoped cost controls; no fast gatherer or new kappa.
python3 scripts/audit_coded_carries.py
PASS exact carry codes and scoped affine controls; no sublinear recurrence or new kappa.
python3 scripts/audit_cancellation.py
PASS scalar cancellation and nonorthogonal-path audit; candidates rejected, no new kappa.
python3 scripts/audit_joint_frames.py
PASS fixed-boundary rational-frame audit; no new kappa.
python3 scripts/audit_compact_controls.py
PASS compact-control address audit; see the separate tape/layer proof.
python3 scripts/compact_control_layer.py
PASS conditional compact-control accounting: 83/1000000000000 > 2^-34; proof review required.
python3 scripts/make_compact_control_patch.py
Wrote independent compact-control patch; conditional kappa=83/10^12 > 2^-34.
python3 scripts/audit_scratch_pooling.py
PASS: pooling unchanged scratch trajectories cannot reach 2^-74, hence cannot reach 2^-67
python3 scripts/reuse_network.py
PASS conditional stage-sharing witness 2^-75; minimum 2187/70000000000000000000000000
python3 scripts/make_reuse_patch.py
Wrote independent conditional h46-shared-side-75.patch
/Applications/Xcode.app/Contents/Developer/usr/bin/make verify-ternary
python3 scripts/complex_compression.py
PASS compressed complex network and conditional 2^-31 witness.
python3 scripts/make_complex_compression_patch.py
Wrote independent complex-compression patch; conditional kappa=2^-31.
python3 scripts/audit_ternary_side.py
Checked full ternary control: 8
Checked full ternary control: 9
Ternary group 0 allocated nodes 188322
Ternary group 40 allocated nodes 2561218
Ternary group 80 allocated nodes 4720444
Ternary group 120 allocated nodes 7013705
Ternary group 160 allocated nodes 9158116
Ternary group 200 allocated nodes 11255159
Ternary group 240 allocated nodes 13327118
Ternary group 280 allocated nodes 15317063
Ternary group 320 allocated nodes 17260034
Ternary group 360 allocated nodes 19120232
Ternary group 400 allocated nodes 20886529
PASS ternary side construction and conditional 2^-30 assembly.
python3 scripts/make_ternary_patch.py
Wrote independent conditional ternary 2^-30 patch.
/Applications/Xcode.app/Contents/Developer/usr/bin/make verify-research
python3 scripts/audit_bit_compression.py
PASS bounded bit compression: 509194 -> 509146 roles; no new kappa.
Paired-template relabel/merge-only route excludes 2^-30 for every admissible even h.
python3 scripts/audit_mixed_point.py
PASS mixed-point screen: 509194 -> 447488 scalar roles; target not reached.
Small source/target-span cut certificates pass; no full-size frame or kappa claim.
python3 scripts/audit_early_sharing.py
PASS early-sharing screen: 447488 -> 510700 scalar roles; candidate rejected.
python3 scripts/audit_split_centers.py
PASS split-center local improvement: rank -4, loss 2500 -> 2498; no new kappa.
python3 scripts/audit_stage_pair.py
PASS two-invocation audit: 64 candidates; 6 local improvements. No new kappa.
python3 scripts/audit_block_carry.py
PASS exact delayed block scatter and dirty restoration; retained column returns defeat the rank saving.
python3 scripts/audit_joint_return.py
PASS early readout and dirty auxiliary repair; two-coordinate-return budget fails; no new kappa.
python3 scripts/audit_cyclic_topology.py
PASS exact contract controls and cyclic routing; two/three-role closure; four-role depth-seven screen; no new kappa.
python3 scripts/audit_fano_completion.py
PASS nonroutable Fano/edge-prefix controls; 15 exact dirty completions have checked routings; no new kappa.
python3 scripts/audit_fano_permutation.py
PASS three rigid compute maps; 144 scalar permutations and full routings; 72 direct bypasses; no new kappa.
python3 scripts/audit_rank_product_core.py
PASS six expanded circuit/frame controls, including a nonselfadjoint representation; positive n=9127, r=d=39 core; no new kappa.
python3 scripts/audit_stronger_screens.py
PASS exact undirected half-path flow, characteristic-zero telescoping, and all balanced-Fano local assignments; no new kappa.
python3 scripts/audit_subset_cores.py
PASS subset-core ledger and hypothetical interface target; no stronger kappa.
Best screened seven-subset rectangle count: 26 4.500795479893805e-11
python3 scripts/audit_cube_cores.py
PASS cube factors and exact quadratic-code rank screens; no new kappa.
q=16 target side roles per label: 1.5389459351236336
python3 scripts/audit_single_intersection.py
PASS single-intersection screens: {'identity_minor_exclusion': 2513, 'explicit_minor_exclusion': 13, 'spectral_parity_exclusion': 2232, 'unresolved': 266, 'positive_supplied_factor': 233}
No stronger multiplication bound; unresolved cases are explicitly retained.
python3 scripts/audit_shared_core.py
PASS shared two-field compiler; exact all-role controls and hypothetical side budgets.
python3 scripts/audit_general_guard.py
PASS general residual-exponent guard; retained constants identical; hypothetical 2^-25 target only.
python3 scripts/audit_disjoint_tensor.py
PASS: complex saving > 3e-8; full h=26 map and phase ledger; retained kappa 2^-31.
python3 scripts/audit_core_limits.py
PASS: target dimension <=52; nonlinear radial subset frames excluded; incidence-span rigidity.
python3 scripts/audit_affine_vectors.py
PASS nine exact affine/vector-code rank rejections; no full large matrix expanded.
python3 scripts/audit_block_core.py
PASS higher-rank bit compiler and direct-sum regression; no stronger kappa.
python3 scripts/audit_complex_centers.py
PASS: h central roles; complex saving > 3.6e-8; retained kappa 2^-31.
python3 scripts/audit_inplace_side.py
PASS: exact path excess rejects the specified in-place family for kappa >= 2^-25.
python3 scripts/audit_quadratic_affine.py
PASS: twelve exact quadratic-affine core rejections, including Gaussian rank-two labels.
python3 scripts/audit_signed_sparse.py
PASS signed-sparse central factors and raw shared compiler ledger; no new kappa.
Best scanned sufficient side ratio: 5.555500183623842
python3 scripts/audit_positive_side.py
Checked signed side: 4 2 [33, 30]
Checked signed side: 5 2 [97, 70]
Checked signed side: 4 4 [22, 20]
Checked signed side: 5 4 [110, 100]
Checked signed side: 6 4 [1600, 1080]
Checked signed side: 8 8 [1764, 1200]
PASS positive-definite compressed side compiler and bounded controls; no new kappa.
python3 scripts/audit_parity_side.py
Checked parity side: 8 724 938
Checked parity side: 10 2271 3283
Checked parity side: 26 82720 308336
PASS scoped parity-side obstruction and exact repair cost; no new kappa.
python3 scripts/audit_prime_subset_limits.py
PASS common-subset prime-power family cannot reach 2^-26; best finite optimistic ceiling 3 29 7.828997214376574e-09
/Applications/Xcode.app/Contents/Developer/usr/bin/make verify-tests
python3 -m unittest discover -s tests -v
test_block_column_changes_preserve_rank (test_additive_labels.AdditiveLabelAudit.test_block_column_changes_preserve_rank) ... ok
test_certificate_scope (test_additive_labels.AdditiveLabelAudit.test_certificate_scope) ... ok
test_neighbor_annihilator_and_rank_over_rationals (test_additive_labels.AdditiveLabelAudit.test_neighbor_annihilator_and_rank_over_rationals) ... ok
test_scalar_fitting_rank_and_exceptional_h9 (test_additive_labels.AdditiveLabelAudit.test_scalar_fitting_rank_and_exceptional_h9) ... ok
test_exact_code_and_vector_inventory (test_affine_vector_screens.AffineVectorScreens.test_exact_code_and_vector_inventory) ... ok
test_finite_lattice_minor_and_corruption_rejection (test_affine_vector_screens.AffineVectorScreens.test_finite_lattice_minor_and_corruption_rejection) ... ok
test_polynomial_code_rows_against_direct_word_evaluation (test_affine_vector_screens.AffineVectorScreens.test_polynomial_code_rows_against_direct_word_evaluation) ... ok
test_active_manuscript_interfaces_and_correction (test_batched_network.BatchedNetworkTests.test_active_manuscript_interfaces_and_correction) ... ok
test_exponent_boundaries (test_batched_network.BatchedNetworkTests.test_exponent_boundaries) ... ok
test_shifted_chirp_budget_and_old_enclosure_failure (test_batched_network.BatchedNetworkTests.test_shifted_chirp_budget_and_old_enclosure_failure) ... ok
test_changed_cutoff_retains_both_global_frame_directions (test_bit_compression.BitCompression.test_changed_cutoff_retains_both_global_frame_directions) ... ok
test_frontier_is_computed_from_actual_source_intersections (test_bit_compression.BitCompression.test_frontier_is_computed_from_actual_source_intersections) ... ok
test_lower_bound_survives_independent_relabeling_and_pruning (test_bit_compression.BitCompression.test_lower_bound_survives_independent_relabeling_and_pruning) ... ok
test_optimistic_role_budget_still_misses_target (test_bit_compression.BitCompression.test_optimistic_role_budget_still_misses_target) ... ok
test_reordered_and_reassociated_maps (test_bit_compression.BitCompression.test_reordered_and_reassociated_maps) ... ok
test_small_variant_maps_against_independent_pair_enumeration (test_bit_compression.BitCompression.test_small_variant_maps_against_independent_pair_enumeration) ... ok
test_tail_bound_has_room_and_improves_with_ground_size (test_bit_compression.BitCompression.test_tail_bound_has_room_and_improves_with_ground_size) ... ok
test_all_large_h_coordinate_screens_and_small_outside_relaxation (test_block_carry.BlockCarry.test_all_large_h_coordinate_screens_and_small_outside_relaxation) ... ok
test_arbitrary_matrix_readout_penalty_is_one_not_two (test_block_carry.BlockCarry.test_arbitrary_matrix_readout_penalty_is_one_not_two) ... ok
test_compensating_scatter_is_necessary (test_block_carry.BlockCarry.test_compensating_scatter_is_necessary) ... ok
test_coordinate_space_and_degenerate_exception (test_block_carry.BlockCarry.test_coordinate_space_and_degenerate_exception) ... ok
test_full_map_with_dirty_scratch_and_no_new_roles (test_block_carry.BlockCarry.test_full_map_with_dirty_scratch_and_no_new_roles) ... ok
test_late_projector_readout_has_a_real_rank_loop (test_block_carry.BlockCarry.test_late_projector_readout_has_a_real_rank_loop) ... ok
test_restricted_second_gather_restores_dirty_centers (test_block_carry.BlockCarry.test_restricted_second_gather_restores_dirty_centers) ... ok
test_block_pair_factorization (test_block_core.BlockCore.test_block_pair_factorization) ... ok
test_expanded_rank_two_network_with_and_without_reuse (test_block_core.BlockCore.test_expanded_rank_two_network_with_and_without_reuse) ... ok
test_hypothetical_geometry_is_not_a_witness (test_block_core.BlockCore.test_hypothetical_geometry_is_not_a_witness) ... ok
test_rank_one_regression_and_direct_sum_scaling (test_block_core.BlockCore.test_rank_one_regression_and_direct_sum_scaling) ... ok
test_reject_nonuniform_or_nonorthogonal_labels (test_block_core.BlockCore.test_reject_nonuniform_or_nonorthogonal_labels) ... ok
test_exact_boundaries_and_log_normalization (test_block_label_audit.BlockLabelAudit.test_exact_boundaries_and_log_normalization) ... ok
test_johnson_eigenvalues_by_direct_integer_action (test_block_label_audit.BlockLabelAudit.test_johnson_eigenvalues_by_direct_integer_action) ... ok
test_local_pairing_forces_incompatible_zero_sum_planes (test_block_label_audit.BlockLabelAudit.test_local_pairing_forces_incompatible_zero_sum_planes) ... ok
test_positive_semidefinite_dual_exact_spectrum (test_block_label_audit.BlockLabelAudit.test_positive_semidefinite_dual_exact_spectrum) ... ok
test_all_intersection_sizes_and_binary_scalar_domain (test_cancellation.CancellationAudit.test_all_intersection_sizes_and_binary_scalar_domain) ... ok
test_arbitrary_internal_matrices_cannot_erase_private_path_excess (test_cancellation.CancellationAudit.test_arbitrary_internal_matrices_cannot_erase_private_path_excess) ... ok
test_complete_dirty_input_basis_forward_and_reverse (test_cancellation.CancellationAudit.test_complete_dirty_input_basis_forward_and_reverse) ... ok
test_distinct_nonorthogonal_lines_have_the_same_excess (test_cancellation.CancellationAudit.test_distinct_nonorthogonal_lines_have_the_same_excess) ... ok
test_large_counts_and_scoped_rejection (test_cancellation.CancellationAudit.test_large_counts_and_scoped_rejection) ... ok
test_leave_one_out_removes_self_terms_but_has_disjoint_bad_paths (test_cancellation.CancellationAudit.test_leave_one_out_removes_self_terms_but_has_disjoint_bad_paths) ... ok
test_line_complement_distance_exceeds_signed_rank_change (test_cancellation.CancellationAudit.test_line_complement_distance_exceeds_signed_rank_change) ... ok
test_local_total_star_formula_has_the_same_private_diagonal (test_cancellation.CancellationAudit.test_local_total_star_formula_has_the_same_private_diagonal) ... ok
test_private_paths_have_distinct_physical_edges (test_cancellation.CancellationAudit.test_private_paths_have_distinct_physical_edges) ... ok
test_three_stage_scalar_network_with_shared_dirty_auxiliary_banks (test_cancellation.CancellationAudit.test_three_stage_scalar_network_with_shared_dirty_auxiliary_banks) ... ok
test_balanced_and_near_supremum_candidates (test_certificates.Certificates.test_balanced_and_near_supremum_candidates) ... ok
test_balanced_patch_has_updated_equal_minima (test_certificates.Certificates.test_balanced_patch_has_updated_equal_minima) ... ok
test_baseline_and_all_candidates (test_certificates.Certificates.test_baseline_and_all_candidates) ... ok
test_extended_patches_update_dependencies (test_certificates.Certificates.test_extended_patches_update_dependencies) ... ok
test_h46_counts (test_certificates.Certificates.test_h46_counts) ... ok
test_old_intermediate_bounds_cannot_be_retained (test_certificates.Certificates.test_old_intermediate_bounds_cannot_be_retained) ... ok
test_original_counts_reproduced (test_certificates.Certificates.test_original_counts_reproduced) ... ok
test_patch_changes_only_three_files_and_no_old_literals_remain (test_certificates.Certificates.test_patch_changes_only_three_files_and_no_old_literals_remain) ... ok
test_pushed_patch_dependencies (test_certificates.Certificates.test_pushed_patch_dependencies) ... ok
test_rank_budget_from_individual_edge_rows (test_certificates.Certificates.test_rank_budget_from_individual_edge_rows) ... ok
test_rational_recurrence_comparison (test_certificates.Certificates.test_rational_recurrence_comparison) ... ok
test_reject_insufficient_slack (test_certificates.Certificates.test_reject_insufficient_slack) ... ok
test_strict_margin_and_beta_boundaries (test_certificates.Certificates.test_strict_margin_and_beta_boundaries) ... ok
test_fewer_roles_than_pr48 (test_climbed_48.OptimalMatchingTests.test_fewer_roles_than_pr48) ... ok
test_frozen_certificate (test_climbed_48.OptimalMatchingTests.test_frozen_certificate) ... ok
test_matching_differs_from_pr43_and_is_injective (test_climbed_48.OptimalMatchingTests.test_matching_differs_from_pr43_and_is_injective) ... ok
test_pr48_network_excluded (test_climbed_48.OptimalMatchingTests.test_pr48_network_excluded) ... ok
test_strict_assembly_and_bracket (test_climbed_48.OptimalMatchingTests.test_strict_assembly_and_bracket) ... ok
test_affine_path_count_and_fixed_encoding_order (test_coded_carries.CodedCarries.test_affine_path_count_and_fixed_encoding_order) ... ok
test_assessment_and_scope_stay_explicit (test_coded_carries.CodedCarries.test_assessment_and_scope_stay_explicit) ... ok
test_codes_restore_all_dirty_gaps_on_larger_arrays (test_coded_carries.CodedCarries.test_codes_restore_all_dirty_gaps_on_larger_arrays) ... ok
test_distinct_translation_branches_are_exponential (test_coded_carries.CodedCarries.test_distinct_translation_branches_are_exponential) ... ok
test_exact_codes_on_every_small_basis_and_control (test_coded_carries.CodedCarries.test_exact_codes_on_every_small_basis_and_control) ... ok
test_exhaustive_affine_agreement_including_boundary_case (test_coded_carries.CodedCarries.test_exhaustive_affine_agreement_including_boundary_case) ... ok
test_ordered_nonlinear_offsets_preserve_fiber_affinity_until_a_swap (test_coded_carries.CodedCarries.test_ordered_nonlinear_offsets_preserve_fiber_affinity_until_a_swap) ... ok
test_valuation_pivots_are_injective_for_all_small_slopes (test_coded_carries.CodedCarries.test_valuation_pivots_are_injective_for_all_small_slopes) ... ok
test_missing_reservation_guard_and_final_slack_are_rejected (test_compact_control_layer.CompactControlLayer.test_missing_reservation_guard_and_final_slack_are_rejected) ... ok
test_parameters_and_milestones (test_compact_control_layer.CompactControlLayer.test_parameters_and_milestones) ... ok
test_repair_density_with_explicit_common_cutoff (test_compact_control_layer.CompactControlLayer.test_repair_density_with_explicit_common_cutoff) ... ok
test_reserved_bits_are_existing_disjoint_chunks (test_compact_control_layer.CompactControlLayer.test_reserved_bits_are_existing_disjoint_chunks) ... ok
test_rotation_streaming_two_piece_algorithm (test_compact_control_layer.CompactControlLayer.test_rotation_streaming_two_piece_algorithm) ... ok
test_stopped_recurrence_with_all_exponent_orderings (test_compact_control_layer.CompactControlLayer.test_stopped_recurrence_with_all_exponent_orderings) ... ok
test_whole_row_padding_and_nested_splitting_preserve_compact_ranges (test_compact_control_layer.CompactControlLayer.test_whole_row_padding_and_nested_splitting_preserve_compact_ranges) ... ok
test_assembly_includes_reservations_and_local_repair_sum (test_compact_control_patch.CompactControlPatch.test_assembly_includes_reservations_and_local_repair_sum) ... ok
test_legacy_rectangle_contract_remains_for_appendix (test_compact_control_patch.CompactControlPatch.test_legacy_rectangle_contract_remains_for_appendix) ... ok
test_no_dangling_or_duplicate_internal_labels (test_compact_control_patch.CompactControlPatch.test_no_dangling_or_duplicate_internal_labels) ... ok
test_pinned_inputs_and_all_extension_proofs (test_compact_control_patch.CompactControlPatch.test_pinned_inputs_and_all_extension_proofs) ... ok
test_separate_arities_and_new_guard (test_compact_control_patch.CompactControlPatch.test_separate_arities_and_new_guard) ... ok
test_certificate_does_not_claim_a_tape_bound (test_compact_controls.CompactControls.test_certificate_does_not_claim_a_tape_bound) ... ok
test_every_rotation_uses_only_preceding_controls (test_compact_controls.CompactControls.test_every_rotation_uses_only_preceding_controls) ... ok
test_exhaust_small_single_segment_and_dirty_fields (test_compact_controls.CompactControls.test_exhaust_small_single_segment_and_dirty_fields) ... ok
test_multiple_segments_extreme_offsets_and_inverse (test_compact_controls.CompactControls.test_multiple_segments_extreme_offsets_and_inverse) ... ok
test_saturated_digit_is_excluded_even_with_safe_target_guard (test_compact_controls.CompactControls.test_saturated_digit_is_excluded_even_with_safe_target_guard) ... ok
test_corrupt_factor_and_role_counts_rejected (test_complex_centers.ComplexCenters.test_corrupt_factor_and_role_counts_rejected) ... ok
test_dirty_inputs_both_signed_directions (test_complex_centers.ComplexCenters.test_dirty_inputs_both_signed_directions) ... ok
test_exact_network_saving_and_old_ledger_difference (test_complex_centers.ComplexCenters.test_exact_network_saving_and_old_ledger_difference) ... ok
test_integer_factor_all_entries (test_complex_centers.ComplexCenters.test_integer_factor_all_entries) ... ok
test_binary_basis_and_rejection_of_alternating_residual (test_complex_compression.ComplexCompression.test_binary_basis_and_rejection_of_alternating_residual) ... ok
test_counts_and_conditional_assembly (test_complex_compression.ComplexCompression.test_counts_and_conditional_assembly) ... ok
test_exact_signed_invocations_restore_all_independent_scratch (test_complex_compression.ComplexCompression.test_exact_signed_invocations_restore_all_independent_scratch) ... ok
test_leave_one_compiler_and_integer_coefficients (test_complex_compression.ComplexCompression.test_leave_one_compiler_and_integer_coefficients) ... ok
test_local_frames_and_phase_identity (test_complex_compression.ComplexCompression.test_local_frames_and_phase_identity) ... ok
test_matching_and_join_residual_unit_witness (test_complex_compression.ComplexCompression.test_matching_and_join_residual_unit_witness) ... ok
test_partitions_cover_each_relation_once (test_complex_compression.ComplexCompression.test_partitions_cover_each_relation_once) ... ok
test_three_signed_stages_and_reused_dirty_bank (test_complex_compression.ComplexCompression.test_three_signed_stages_and_reused_dirty_bank) ... ok
test_changed_ordering_and_exact_derived_powers (test_complex_compression_patch.ComplexCompressionPatch.test_changed_ordering_and_exact_derived_powers) ... ok
test_legacy_appendix_and_local_repair_contracts (test_complex_compression_patch.ComplexCompressionPatch.test_legacy_appendix_and_local_repair_contracts) ... ok
test_new_interface_constants_and_node_guard (test_complex_compression_patch.ComplexCompressionPatch.test_new_interface_constants_and_node_guard) ... ok
test_no_dangling_or_duplicate_internal_labels (test_complex_compression_patch.ComplexCompressionPatch.test_no_dangling_or_duplicate_internal_labels) ... ok
test_pinned_inputs_and_retained_movement_proofs (test_complex_compression_patch.ComplexCompressionPatch.test_pinned_inputs_and_retained_movement_proofs) ... ok
test_all_strict_constraints_and_dyadic_bracket (test_copied_fixed.CopiedFixedTests.test_all_strict_constraints_and_dyadic_bracket) ... ok
test_assembly_boundary_rejected (test_copied_fixed.CopiedFixedTests.test_assembly_boundary_rejected) ... ok
test_balanced_transfer_negative_controls (test_copied_fixed.CopiedFixedTests.test_balanced_transfer_negative_controls) ... ok
test_changed_graphs_reduce_physical_roles (test_copied_fixed.CopiedFixedTests.test_changed_graphs_reduce_physical_roles) ... ok
test_corrupted_pair_coverage_rejected (test_copied_fixed.CopiedFixedTests.test_corrupted_pair_coverage_rejected) ... ok
test_deterministic_prime_and_minor_gaps (test_copied_fixed.CopiedFixedTests.test_deterministic_prime_and_minor_gaps) ... ok
test_exact_recovery_explains_primary_modular_failures (test_copied_fixed.CopiedFixedTests.test_exact_recovery_explains_primary_modular_failures) ... ok
test_float_saving_rejected (test_copied_fixed.CopiedFixedTests.test_float_saving_rejected) ... ok
test_frozen_certificate (test_copied_fixed.CopiedFixedTests.test_frozen_certificate) ... ok
test_independent_cost_rows (test_copied_fixed.CopiedFixedTests.test_independent_cost_rows) ... ok
test_mass_corruption_rejected (test_copied_fixed.CopiedFixedTests.test_mass_corruption_rejected) ... ok
test_mismatched_source_hash_rejected (test_copied_fixed.CopiedFixedTests.test_mismatched_source_hash_rejected) ... ok
test_omitted_paid_copy_detected (test_copied_fixed.CopiedFixedTests.test_omitted_paid_copy_detected) ... ok
test_real_lower_bound_exclusions (test_copied_fixed.CopiedFixedTests.test_real_lower_bound_exclusions) ... ok
test_recovery_and_every_pair_charged (test_copied_fixed.CopiedFixedTests.test_recovery_and_every_pair_charged) ... ok
test_restriction_tree_mutation_rejected (test_copied_fixed.CopiedFixedTests.test_restriction_tree_mutation_rejected) ... ok
test_zero_recovered_pivot_rejected (test_copied_fixed.CopiedFixedTests.test_zero_recovered_pivot_rejected) ... ok
test_all_constraints_and_margins (test_copied_fixed_reversed.FixedReversedTests.test_all_constraints_and_margins) ... ok
test_bad_fixed_profile_is_rejected (test_copied_fixed_reversed.FixedReversedTests.test_bad_fixed_profile_is_rejected) ... ok
test_bad_source_pin_is_rejected (test_copied_fixed_reversed.FixedReversedTests.test_bad_source_pin_is_rejected) ... ok
test_data_block_split_loses_candidate (test_copied_fixed_reversed.FixedReversedTests.test_data_block_split_loses_candidate) ... ok
test_exact_frozen_certificate (test_copied_fixed_reversed.FixedReversedTests.test_exact_frozen_certificate) ... ok
test_independent_crt_bound_and_failure_controls (test_copied_fixed_reversed.FixedReversedTests.test_independent_crt_bound_and_failure_controls) ... ok
test_next_bit_grid_actually_excluded (test_copied_fixed_reversed.FixedReversedTests.test_next_bit_grid_actually_excluded) ... ok
test_only_identity_cleanup_changes (test_copied_fixed_reversed.FixedReversedTests.test_only_identity_cleanup_changes) ... ok
test_stale_semantic_envelope_rejected (test_copied_fixed_reversed.FixedReversedTests.test_stale_semantic_envelope_rejected) ... ok
test_whole_profile_replaced_once (test_copied_fixed_reversed.FixedReversedTests.test_whole_profile_replaced_once) ... ok
test_actual_next_bit_exclusion (test_copied_reversed.CopiedReversedTests.test_actual_next_bit_exclusion) ... ok
test_disjoint_accounting (test_copied_reversed.CopiedReversedTests.test_disjoint_accounting) ... ok
test_enlarged_E_and_row_failures (test_copied_reversed.CopiedReversedTests.test_enlarged_E_and_row_failures) ... ok
test_float_rejected (test_copied_reversed.CopiedReversedTests.test_float_rejected) ... ok
test_frozen_witness (test_copied_reversed.CopiedReversedTests.test_frozen_witness) ... ok
test_full_constraints_and_margins (test_copied_reversed.CopiedReversedTests.test_full_constraints_and_margins) ... ok
test_full_geometry (test_copied_reversed.CopiedReversedTests.test_full_geometry) ... ok
test_geometry_bad_rankcut (test_copied_reversed.CopiedReversedTests.test_geometry_bad_rankcut) ... ok
test_geometry_bad_source (test_copied_reversed.CopiedReversedTests.test_geometry_bad_source) ... ok
test_negative_controls (test_copied_reversed.CopiedReversedTests.test_negative_controls) ... ok
test_rank_preserving_child_mutation_fails (test_copied_reversed.CopiedReversedTests.test_rank_preserving_child_mutation_fails) ... ok
test_source_pin_corruption (test_copied_reversed.CopiedReversedTests.test_source_pin_corruption) ... ok
test_bad_fitting_pairs_rejected (test_core_limits.CoreLimits.test_bad_fitting_pairs_rejected) ... ok
test_exact_dimension_threshold_and_radial_cases (test_core_limits.CoreLimits.test_exact_dimension_threshold_and_radial_cases) ... ok
test_exhaustive_small_compatible_fitting_pairs (test_core_limits.CoreLimits.test_exhaustive_small_compatible_fitting_pairs) ... ok
test_incidence_rigidity_local_matrices_and_infinite_parameters (test_core_limits.CoreLimits.test_incidence_rigidity_local_matrices_and_infinite_parameters) ... ok
test_side_rank_floor_for_every_four_by_four_unit_diagonal_matrix (test_core_limits.CoreLimits.test_side_rank_floor_for_every_four_by_four_unit_diagonal_matrix) ... ok
test_binary_io_is_self_contained (test_cpp_headers.CppHeaderTests.test_binary_io_is_self_contained) ... ok
test_expanded_factors_and_actual_small_ranks (test_cube_core_family.CubeCoreFamily.test_expanded_factors_and_actual_small_ranks) ... ok
test_first_positive_tested_power_and_factor_counts (test_cube_core_family.CubeCoreFamily.test_first_positive_tested_power_and_factor_counts) ... ok
test_invalid_and_oversized_inputs (test_cube_core_family.CubeCoreFamily.test_invalid_and_oversized_inputs) ... ok
test_quadratic_code_generation_independent_dense_control (test_cube_core_family.CubeCoreFamily.test_quadratic_code_generation_independent_dense_control) ... ok
test_quadratic_screens_reject_specified_full_support_cores (test_cube_core_family.CubeCoreFamily.test_quadratic_screens_reject_specified_full_support_cores) ... ok
test_rational_cube_lines_match_compiler_contract (test_cube_core_family.CubeCoreFamily.test_rational_cube_lines_match_compiler_contract) ... ok
test_raw_vs_free_side_are_distinct (test_cube_core_family.CubeCoreFamily.test_raw_vs_free_side_are_distinct) ... ok
test_square_zero_support_identity (test_cube_core_family.CubeCoreFamily.test_square_zero_support_identity) ... ok
test_xor_row_permutation_matches_independent_bit_loop (test_cube_core_family.CubeCoreFamily.test_xor_row_permutation_matches_independent_bit_loop) ... ok
test_all_coefficients_and_both_frame_directions (test_dag_network.SharedComputation.test_all_coefficients_and_both_frame_directions) ... ok
test_entire_three_stage_shared_scratch_network (test_dag_network.SharedComputation.test_entire_three_stage_shared_scratch_network) ... ok
test_forward_and_reverse_on_every_dirty_input_basis_vector (test_dag_network.SharedComputation.test_forward_and_reverse_on_every_dirty_input_basis_vector) ... ok
test_patch_connects_the_new_interface_and_preserves_complex (test_dag_network.SharedComputation.test_patch_connects_the_new_interface_and_preserves_complex) ... ok
test_richer_partition_remains_an_exact_partition (test_dag_network.SharedComputation.test_richer_partition_remains_an_exact_partition) ... ok
test_strict_witness_and_preserved_rank_deficit (test_dag_network.SharedComputation.test_strict_witness_and_preserved_rank_deficit) ... ok
test_all_independent_dirty_inputs_restored_by_signed_schedule (test_disjoint_tensor.TensorDisjointness.test_all_independent_dirty_inputs_restored_by_signed_schedule) ... ok
test_corrupted_output_and_support_are_rejected (test_disjoint_tensor.TensorDisjointness.test_corrupted_output_and_support_are_rejected) ... ok
test_every_small_physical_phase_transition_in_both_directions (test_disjoint_tensor.TensorDisjointness.test_every_small_physical_phase_transition_in_both_directions) ... ok
test_exact_coefficient_maps_and_embedding (test_disjoint_tensor.TensorDisjointness.test_exact_coefficient_maps_and_embedding) ... ok
test_large_candidate_and_finite_ledger (test_disjoint_tensor.TensorDisjointness.test_large_candidate_and_finite_ledger) ... ok
test_cardinality_family_optimum (test_early_sharing_and_centers.EarlySharingAndCenters.test_cardinality_family_optimum) ... ok
test_expansion_preserves_full_map_and_dirty_inputs (test_early_sharing_and_centers.EarlySharingAndCenters.test_expansion_preserves_full_map_and_dirty_inputs) ... ok
test_extra_points_pay_for_data_transitions (test_early_sharing_and_centers.EarlySharingAndCenters.test_extra_points_pay_for_data_transitions) ... ok
test_four_rank_saving_on_all_physical_edges (test_early_sharing_and_centers.EarlySharingAndCenters.test_four_rank_saving_on_all_physical_edges) ... ok
test_incident_span_and_indefinite_normal (test_early_sharing_and_centers.EarlySharingAndCenters.test_incident_span_and_indefinite_normal) ... ok
test_independent_rational_paths_at_h10 (test_early_sharing_and_centers.EarlySharingAndCenters.test_independent_rational_paths_at_h10) ... ok
test_invalid_expansion_limits (test_early_sharing_and_centers.EarlySharingAndCenters.test_invalid_expansion_limits) ... ok
test_general_signed_gauss_normal_form (test_endpoint_gauge.BinaryPhaseTests.test_general_signed_gauss_normal_form) ... ok
test_walsh_and_endpoint_phase_normalization (test_endpoint_gauge.BinaryPhaseTests.test_walsh_and_endpoint_phase_normalization) ... ok
test_all_fifteen_completions_are_exact_with_dirty_scratch (test_fano_completion.FanoCompletion.test_all_fifteen_completions_are_exact_with_dirty_scratch) ... ok
test_each_addition_handles_independent_dirty_inputs (test_fano_completion.FanoCompletion.test_each_addition_handles_independent_dirty_inputs) ... ok
test_fixed_all_plus_code_uses_characteristic_two (test_fano_completion.FanoCompletion.test_fixed_all_plus_code_uses_characteristic_two) ... ok
test_original_coding_seed_and_edge_prefix_retain_obstruction (test_fano_completion.FanoCompletion.test_original_coding_seed_and_edge_prefix_retain_obstruction) ... ok
test_partial_routing_controls_and_budget_failures (test_fano_completion.FanoCompletion.test_partial_routing_controls_and_budget_failures) ... ok
test_saved_routings_replay_without_solver_and_rule_out_rank_gain (test_fano_completion.FanoCompletion.test_saved_routings_replay_without_solver_and_rule_out_rank_gain) ... ok
test_shared_offsets_cancel_globally_but_independent_ones_do_not (test_fano_completion.FanoCompletion.test_shared_offsets_cancel_globally_but_independent_ones_do_not) ... ok
test_single_addition_and_separate_scratch_shortcuts_fail (test_fano_completion.FanoCompletion.test_single_addition_and_separate_scratch_shortcuts_fail) ... ok
test_wrong_program_or_switch_certificate_is_rejected (test_fano_completion.FanoCompletion.test_wrong_program_or_switch_certificate_is_rejected) ... ok
test_all_independent_inputs_form_the_claimed_permutations (test_fano_permutation.PermutedCompletion.test_all_independent_inputs_form_the_claimed_permutations) ... ok
test_all_saved_routes_replay_without_solver (test_fano_permutation.PermutedCompletion.test_all_saved_routes_replay_without_solver) ... ok
test_completion_parameters_and_prefix_are_checked (test_fano_permutation.PermutedCompletion.test_completion_parameters_and_prefix_are_checked) ... ok
test_corrupted_or_mismatched_routing_witness_fails (test_fano_permutation.PermutedCompletion.test_corrupted_or_mismatched_routing_witness_fails) ... ok
test_refinement_does_not_certify_symmetric_controls (test_fano_permutation.PermutedCompletion.test_refinement_does_not_certify_symmetric_controls) ... ok
test_terminal_bypasses_are_checked_separately (test_fano_permutation.PermutedCompletion.test_terminal_bypasses_are_checked_separately) ... ok
test_three_compute_maps_have_rigid_bipartite_support (test_fano_permutation.PermutedCompletion.test_three_compute_maps_have_rigid_bipartite_support) ... ok
test_complete_role_permutation_and_orientation (test_finite_bit_contract.FiniteBitContract.test_complete_role_permutation_and_orientation) ... ok
test_exact_rational_schema_and_all_terminal_dimensions (test_finite_bit_contract.FiniteBitContract.test_exact_rational_schema_and_all_terminal_dimensions) ... ok
test_free_nonprojector_frames_and_gauge_invariance (test_finite_bit_contract.FiniteBitContract.test_free_nonprojector_frames_and_gauge_invariance) ... ok
test_nonpermutation_or_invalid_gate_cannot_be_scored (test_finite_bit_contract.FiniteBitContract.test_nonpermutation_or_invalid_gate_cannot_be_scored) ... ok
test_routing_certificates_cover_every_physical_edge (test_finite_bit_contract.FiniteBitContract.test_routing_certificates_cover_every_physical_edge) ... ok
test_scratch_roles_and_untouched_wire_edges_are_not_omitted (test_finite_bit_contract.FiniteBitContract.test_scratch_roles_and_untouched_wire_edges_are_not_omitted) ... ok
test_short_word_search_against_independent_enumeration (test_finite_bit_contract.FiniteBitContract.test_short_word_search_against_independent_enumeration) ... ok
test_small_role_closure_and_four_role_scope (test_finite_bit_contract.FiniteBitContract.test_small_role_closure_and_four_role_scope) ... ok
test_tampered_routes_and_exhausted_search_budget_rejected (test_finite_bit_contract.FiniteBitContract.test_tampered_routes_and_exhausted_search_budget_rejected) ... ok
test_neighbor_counts_and_scalar_cancellation (test_finite_identities.FiniteIdentities.test_neighbor_counts_and_scalar_cancellation) ... ok
test_packed_gadget_guard_and_exception_invariance (test_finite_identities.FiniteIdentities.test_packed_gadget_guard_and_exception_invariance) ... ok
test_scalar_eight_step_gadget_including_negative_integers (test_finite_identities.FiniteIdentities.test_scalar_eight_step_gadget_including_negative_integers) ... ok
test_signed_centered_packing_against_direct_convolution (test_finite_identities.FiniteIdentities.test_signed_centered_packing_against_direct_convolution) ... ok
test_all_small_basis_inputs (test_fused_block.FusedBlock.test_all_small_basis_inputs) ... ok
test_cut_controls_and_arbitrary_child_axis_sets (test_fused_block.FusedBlock.test_cut_controls_and_arbitrary_child_axis_sets) ... ok
test_invalid_overlapping_or_missing_axes (test_fused_block.FusedBlock.test_invalid_overlapping_or_missing_axes) ... ok
test_noncoordinate_movement_is_outside_free_class (test_fused_block.FusedBlock.test_noncoordinate_movement_is_outside_free_class) ... ok
test_nonzero_payloads_and_wide_spectators (test_fused_block.FusedBlock.test_nonzero_payloads_and_wide_spectators) ... ok
test_pointwise_mixing_and_cancellation_do_not_break_bound (test_fused_block.FusedBlock.test_pointwise_mixing_and_cancellation_do_not_break_bound) ... ok
test_spectator_fibers_are_preserved (test_fused_block.FusedBlock.test_spectator_fibers_are_preserved) ... ok
test_all_small_swap_boundary_and_lag_bounds (test_gather_schedules.GatherSchedules.test_all_small_swap_boundary_and_lag_bounds) ... ok
test_boundaries_also_cover_reversals_and_single_coordinate_moves (test_gather_schedules.GatherSchedules.test_boundaries_also_cover_reversals_and_single_coordinate_moves) ... ok
test_dyadic_tree_cost_and_linear_call_lower_bound (test_gather_schedules.GatherSchedules.test_dyadic_tree_cost_and_linear_call_lower_bound) ... ok
test_exact_multiscale_potential_controls (test_gather_schedules.GatherSchedules.test_exact_multiscale_potential_controls) ... ok
test_naive_affine_shear_has_dense_guard_carries (test_gather_schedules.GatherSchedules.test_naive_affine_shear_has_dense_guard_carries) ... ok
test_optimistic_round_reuse_cannot_remove_quadratic_loss (test_gather_schedules.GatherSchedules.test_optimistic_round_reuse_cannot_remove_quadratic_loss) ... ok
test_recursive_schedule_every_small_offset_and_inverse (test_gather_schedules.GatherSchedules.test_recursive_schedule_every_small_offset_and_inverse) ... ok
test_unstable_guard_order_is_safe_for_complete_addition (test_gather_schedules.GatherSchedules.test_unstable_guard_order_is_safe_for_complete_addition) ... ok
test_exact_stopped_recurrences (test_general_network_guard.GeneralNetworkGuard.test_exact_stopped_recurrences) ... ok
test_integer_residual_power_is_strict (test_general_network_guard.GeneralNetworkGuard.test_integer_residual_power_is_strict) ... ok
test_invalid_guard_inputs (test_general_network_guard.GeneralNetworkGuard.test_invalid_guard_inputs) ... ok
test_larger_guard_can_use_complex_headroom (test_general_network_guard.GeneralNetworkGuard.test_larger_guard_can_use_complex_headroom) ... ok
test_necessary_ceiling_bounds_all_stopping_choices (test_general_network_guard.GeneralNetworkGuard.test_necessary_ceiling_bounds_all_stopping_choices) ... ok
test_rational_residual_exponent (test_general_network_guard.GeneralNetworkGuard.test_rational_residual_exponent) ... ok
test_retained_complex_guard_is_identical (test_general_network_guard.GeneralNetworkGuard.test_retained_complex_guard_is_identical) ... ok
test_every_local_input_basis_vector_in_both_schedules (test_incidence_network.IncidenceNetwork.test_every_local_input_basis_vector_in_both_schedules) ... ok
test_h46_exact_certificate (test_incidence_network.IncidenceNetwork.test_h46_exact_certificate) ... ok
test_rectangle_mixer_is_invertible_and_has_ones_submatrix (test_incidence_network.IncidenceNetwork.test_rectangle_mixer_is_invertible_and_has_ones_submatrix) ... ok
test_rectangle_subspace_form_and_cross_orthogonality (test_incidence_network.IncidenceNetwork.test_rectangle_subspace_form_and_cross_orthogonality) ... ok
test_recursive_partitions_cover_without_cancellation (test_incidence_network.IncidenceNetwork.test_recursive_partitions_cover_without_cancellation) ... ok
test_shared_three_stage_network_with_dirty_scratch (test_incidence_network.IncidenceNetwork.test_shared_three_stage_network_with_dirty_scratch) ... ok
test_source_patch_connects_new_bit_and_retained_complex_interfaces (test_incidence_network.IncidenceNetwork.test_source_patch_connects_new_bit_and_retained_complex_interfaces) ... ok
test_stage_reuse_has_zero_backward_rank (test_incidence_network.IncidenceNetwork.test_stage_reuse_has_zero_backward_rank) ... ok
test_all_independent_dirty_roles_in_both_directions (test_inplace_side.InplaceSide.test_all_independent_dirty_roles_in_both_directions) ... ok
test_exact_endpoint_rank_and_excess (test_inplace_side.InplaceSide.test_exact_endpoint_rank_and_excess) ... ok
test_invertibility_classes_and_exact_side (test_inplace_side.InplaceSide.test_invertibility_classes_and_exact_side) ... ok
test_prefix_switches_are_actual_disjoint_physical_paths (test_inplace_side.InplaceSide.test_prefix_switches_are_actual_disjoint_physical_paths) ... ok
test_boundary_mutations_are_rejected_by_local_scorer (test_joint_frames.JointFrames.test_boundary_mutations_are_rejected_by_local_scorer) ... ok
test_exact_paired_scalar_map_with_arbitrary_scratch (test_joint_frames.JointFrames.test_exact_paired_scalar_map_with_arbitrary_scratch) ... ok
test_full_physical_edge_accounting (test_joint_frames.JointFrames.test_full_physical_edge_accounting) ... ok
test_general_projection_construction_agrees_with_triple_formula (test_joint_frames.JointFrames.test_general_projection_construction_agrees_with_triple_formula) ... ok
test_general_rational_density_and_central_controls (test_joint_frames.JointFrames.test_general_rational_density_and_central_controls) ... ok
test_joint_internal_changes_pay_all_incident_edges (test_joint_frames.JointFrames.test_joint_internal_changes_pay_all_incident_edges) ... ok
test_published_loss_and_scope (test_joint_frames.JointFrames.test_published_loss_and_scope) ... ok
test_rank_update_column_and_row_defects_are_both_needed (test_joint_frames.JointFrames.test_rank_update_column_and_row_defects_are_both_needed) ... ok
test_all_size_credit_identity_and_small_outside_relaxation (test_joint_return.JointReturn.test_all_size_credit_identity_and_small_outside_relaxation) ... ok
test_both_low_frames_change_and_readout_leaves_outer_image (test_joint_return.JointReturn.test_both_low_frames_change_and_readout_leaves_outer_image) ... ok
test_complete_scalar_map_and_dirty_restoration (test_joint_return.JointReturn.test_complete_scalar_map_and_dirty_restoration) ... ok
test_every_coordinate_pair_in_retained_range (test_joint_return.JointReturn.test_every_coordinate_pair_in_retained_range) ... ok
test_full_size_numbers_credit_both_returns (test_joint_return.JointReturn.test_full_size_numbers_credit_both_returns) ... ok
test_omitted_repairs_leave_data_right_but_scratch_wrong (test_joint_return.JointReturn.test_omitted_repairs_leave_data_right_but_scratch_wrong) ... ok
test_whole_wire_charge_allows_arbitrary_rational_frames (test_joint_return.JointReturn.test_whole_wire_charge_allows_arbitrary_rational_frames) ... ok
test_complex_only_positivity_and_unique_optimum (test_layer_preparation.LayerPreparation.test_complex_only_positivity_and_unique_optimum) ... ok
test_complex_scalar_coefficients_and_binary_complements (test_layer_preparation.LayerPreparation.test_complex_scalar_coefficients_and_binary_complements) ... ok
test_guard_against_actual_stopping_and_piece_count (test_layer_preparation.LayerPreparation.test_guard_against_actual_stopping_and_piece_count) ... ok
test_guard_rejects_missing_hypotheses (test_layer_preparation.LayerPreparation.test_guard_rejects_missing_hypotheses) ... ok
test_hypothetical_targets_cannot_pass_existing_primitive (test_layer_preparation.LayerPreparation.test_hypothetical_targets_cannot_pass_existing_primitive) ... ok
test_old_conditions_imply_new_internal_condition (test_layer_preparation.LayerPreparation.test_old_conditions_imply_new_internal_condition) ... ok
test_recurrence_below_equal_and_above_tau (test_layer_preparation.LayerPreparation.test_recurrence_below_equal_and_above_tau) ... ok
test_every_declaration_cites_current_lines_and_values (test_lean_sources.LeanSources.test_every_declaration_cites_current_lines_and_values) ... ok
test_table_is_regenerated (test_lean_sources.LeanSources.test_table_is_regenerated) ... ok
test_both_block_plans_against_complete_relation (test_mixed_point.MixedPoint.test_both_block_plans_against_complete_relation) ... ok
test_cut_repairs_degenerate_source_spans_in_compiled_circuits (test_mixed_point.MixedPoint.test_cut_repairs_degenerate_source_spans_in_compiled_circuits) ... ok
test_full_dirty_side_map_after_new_factoring (test_mixed_point.MixedPoint.test_full_dirty_side_map_after_new_factoring) ... ok
test_integer_spaces_against_fraction_elimination (test_mixed_point.MixedPoint.test_integer_spaces_against_fraction_elimination) ... ok
test_optimistic_score_rejects_count_before_full_frame_work (test_mixed_point.MixedPoint.test_optimistic_score_rejects_count_before_full_frame_work) ... ok
test_orthogonal_rectangle_can_have_no_nondegenerate_enclosure (test_mixed_point.MixedPoint.test_orthogonal_rectangle_can_have_no_nondegenerate_enclosure) ... ok
test_rectangular_transposes_and_factoring (test_mixed_point.MixedPoint.test_rectangular_transposes_and_factoring) ... ok
test_exact_scope_certificates (test_network_research.ResearchScreens.test_exact_scope_certificates) ... ok
test_hierarchy_channel_identity (test_network_research.ResearchScreens.test_hierarchy_channel_identity) ... ok
test_pair_common_neighbors_by_enumeration (test_network_research.ResearchScreens.test_pair_common_neighbors_by_enumeration) ... ok
test_subfamily_edge_identity_and_cauchy_bound (test_network_research.ResearchScreens.test_subfamily_edge_identity_and_cauchy_bound) ... ok
test_ceiling_with_separate_sigma_and_variable_beta (test_network_search.NetworkSearch.test_ceiling_with_separate_sigma_and_variable_beta) ... ok
test_log_series_remainder_and_range_reduction (test_network_search.NetworkSearch.test_log_series_remainder_and_range_reduction) ... ok
test_unique_optimum_and_infinite_tail (test_network_search.NetworkSearch.test_unique_optimum_and_infinite_tail) ... ok
test_block_label_arithmetic_is_explicitly_hypothetical (test_network_variants.NetworkVariants.test_block_label_arithmetic_is_explicitly_hypothetical) ... ok
test_direct_sum_representation_has_edges_but_fails_stage_nesting (test_network_variants.NetworkVariants.test_direct_sum_representation_has_edges_but_fails_stage_nesting) ... ok
test_positive_deficit_implies_tail_screen_hypotheses (test_network_variants.NetworkVariants.test_positive_deficit_implies_tail_screen_hypotheses) ... ok
test_unequal_formula_specializes_to_original_counts (test_network_variants.NetworkVariants.test_unequal_formula_specializes_to_original_counts) ... ok
test_bit_schedules_all_positions_width_patterns_and_inverse (test_nonadjacent.NonadjacentAudit.test_bit_schedules_all_positions_width_patterns_and_inverse) ... ok
test_crt_reversal_and_control_order (test_nonadjacent.NonadjacentAudit.test_crt_reversal_and_control_order) ... ok
test_exhaustive_payload_permutations_against_tuple_oracle (test_nonadjacent.NonadjacentAudit.test_exhaustive_payload_permutations_against_tuple_oracle) ... ok
test_full_padded_crt_routing_and_inverse (test_nonadjacent.NonadjacentAudit.test_full_padded_crt_routing_and_inverse) ... ok
test_new_witnesses_need_new_layout_and_keep_precision_slack (test_nonadjacent.NonadjacentAudit.test_new_witnesses_need_new_layout_and_keep_precision_slack) ... ok
test_padded_expansion_and_compression_all_axis_orders (test_nonadjacent.NonadjacentAudit.test_padded_expansion_and_compression_all_axis_orders) ... ok
test_patches_preserve_analytic_d_squared_and_complete_layout_changes (test_nonadjacent.NonadjacentAudit.test_patches_preserve_analytic_d_squared_and_complete_layout_changes) ... ok
test_drift (test_open_pr_lean.OpenPullRequestLean.test_drift) ... ok
test_vendored_data_matches_manifest (test_open_pr_lean.OpenPullRequestLean.test_vendored_data_matches_manifest) ... ok
test_basis_change_cannot_be_dropped_across_child (test_packed_audit.PackedMovementAudit.test_basis_change_cannot_be_dropped_across_child) ... ok
test_exact_recurrence_sum (test_packed_audit.PackedMovementAudit.test_exact_recurrence_sum) ... ok
test_retained_layout_reaches_finite_schedule_optimum (test_packed_audit.PackedMovementAudit.test_retained_layout_reaches_finite_schedule_optimum) ... ok
test_all_strict_constraints_and_dyadic_bracket (test_pair_assembly.PairAssemblyTests.test_all_strict_constraints_and_dyadic_bracket) ... ok
test_assembly_boundary_rejected (test_pair_assembly.PairAssemblyTests.test_assembly_boundary_rejected) ... ok
test_balanced_transfer_negative_controls (test_pair_assembly.PairAssemblyTests.test_balanced_transfer_negative_controls) ... ok
test_corrupted_pair_coverage_rejected (test_pair_assembly.PairAssemblyTests.test_corrupted_pair_coverage_rejected) ... ok
test_deterministic_prime_and_minor_gaps (test_pair_assembly.PairAssemblyTests.test_deterministic_prime_and_minor_gaps) ... ok
test_every_short_interval_has_a_containing_consumer (test_pair_assembly.PairAssemblyTests.test_every_short_interval_has_a_containing_consumer) ... ok
test_exact_recovery_explains_primary_modular_failures (test_pair_assembly.PairAssemblyTests.test_exact_recovery_explains_primary_modular_failures) ... ok
test_float_saving_rejected (test_pair_assembly.PairAssemblyTests.test_float_saving_rejected) ... ok
test_frozen_certificate (test_pair_assembly.PairAssemblyTests.test_frozen_certificate) ... ok
test_independent_cost_rows (test_pair_assembly.PairAssemblyTests.test_independent_cost_rows) ... ok
test_interval_layout_is_exact_leave_one_out (test_pair_assembly.PairAssemblyTests.test_interval_layout_is_exact_leave_one_out) ... ok
test_mass_corruption_rejected (test_pair_assembly.PairAssemblyTests.test_mass_corruption_rejected) ... ok
test_mismatched_source_hash_rejected (test_pair_assembly.PairAssemblyTests.test_mismatched_source_hash_rejected) ... ok
test_omitted_paid_copy_detected (test_pair_assembly.PairAssemblyTests.test_omitted_paid_copy_detected) ... ok
test_pair_assembly_outputs_and_nesting (test_pair_assembly.PairAssemblyTests.test_pair_assembly_outputs_and_nesting) ... ok
test_pair_assembly_reduces_physical_roles (test_pair_assembly.PairAssemblyTests.test_pair_assembly_reduces_physical_roles) ... ok
test_pinned_links_use_distinct_donors_and_uses (test_pair_assembly.PairAssemblyTests.test_pinned_links_use_distinct_donors_and_uses) ... ok
test_real_lower_bound_exclusions (test_pair_assembly.PairAssemblyTests.test_real_lower_bound_exclusions) ... ok
test_recovery_and_every_pair_charged (test_pair_assembly.PairAssemblyTests.test_recovery_and_every_pair_charged) ... ok
test_restriction_tree_mutation_rejected (test_pair_assembly.PairAssemblyTests.test_restriction_tree_mutation_rejected) ... ok
test_stacked_frame_certificate (test_pair_assembly.PairAssemblyTests.test_stacked_frame_certificate) ... ok
test_zero_recovered_pivot_rejected (test_pair_assembly.PairAssemblyTests.test_zero_recovered_pivot_rejected) ... ok
test_mutations_fail (test_paired_circuit_check.PairedCircuitCheck.test_mutations_fail) ... ok
test_real_circuit_passes (test_paired_circuit_check.PairedCircuitCheck.test_real_circuit_passes) ... ok
test_all_pair_coefficients_and_both_frames (test_paired_network.PairedNetwork.test_all_pair_coefficients_and_both_frames) ... ok
test_global_map_dirty_scratch_and_stage_matching (test_paired_network.PairedNetwork.test_global_map_dirty_scratch_and_stage_matching) ... ok
test_new_parameters_require_both_proof_extensions (test_paired_network.PairedNetwork.test_new_parameters_require_both_proof_extensions) ... ok
test_patch_updates_all_three_dependencies (test_paired_network.PairedNetwork.test_patch_updates_all_three_dependencies) ... ok
test_stopped_depth_against_the_unrolled_recurrence (test_paired_network.PairedNetwork.test_stopped_depth_against_the_unrolled_recurrence) ... ok
test_weighted_recursion_independently (test_paired_network.PairedNetwork.test_weighted_recursion_independently) ... ok
test_characteristic_detects_alternating_residual (test_parity_side.ParitySideTest.test_characteristic_detects_alternating_residual) ... ok
test_five_point_obstruction_exact_common_vector (test_parity_side.ParitySideTest.test_five_point_obstruction_exact_common_vector) ... ok
test_invalid_ground_sizes (test_parity_side.ParitySideTest.test_invalid_ground_sizes) ... ok
test_signed_scalar_kernel_and_frame_safe_coarsening (test_parity_side.ParitySideTest.test_signed_scalar_kernel_and_frame_safe_coarsening) ... ok
test_conjugation_with_nonsymmetric_projector (test_partial_swap.PartialSwapAlgebraTests.test_conjugation_with_nonsymmetric_projector) ... ok
test_nested_frame_transition (test_partial_swap.PartialSwapAlgebraTests.test_nested_frame_transition) ... ok
test_asymmetric_central_map_and_noninvolutive_matching (test_positive_side_core.PositiveSideCore.test_asymmetric_central_map_and_noninvolutive_matching) ... ok
test_shared_sums_complete_all_role_contract (test_positive_side_core.PositiveSideCore.test_shared_sums_complete_all_role_contract) ... ok
test_small_signed_sharing_coefficients_and_both_frames (test_positive_side_core.PositiveSideCore.test_small_signed_sharing_coefficients_and_both_frames) ... ok
test_wrong_relation_and_resource_limits (test_positive_side_core.PositiveSideCore.test_wrong_relation_and_resource_limits) ... ok
test_asymmetric_map_and_unshared_control (test_prime_core.PrimeCoreTest.test_asymmetric_map_and_unshared_control) ... ok
test_invalid_fields_and_matrices (test_prime_core.PrimeCoreTest.test_invalid_fields_and_matrices) ... ok
test_nonbinary_coefficients_and_complete_shared_contract (test_prime_core.PrimeCoreTest.test_nonbinary_coefficients_and_complete_shared_contract) ... ok
test_signed_exchange_correction_is_required (test_prime_core.PrimeCoreTest.test_signed_exchange_correction_is_required) ... ok
test_all_parameter_envelope (test_prime_subset_limits.PrimeSubsetLimits.test_all_parameter_envelope) ... ok
test_distinct_partial_output_floor (test_prime_subset_limits.PrimeSubsetLimits.test_distinct_partial_output_floor) ... ok
test_local_field_identity_and_factor_rank (test_prime_subset_limits.PrimeSubsetLimits.test_local_field_identity_and_factor_rank) ... ok
test_counts_uniqueness_and_norms (test_quadratic_affine.QuadraticAffine.test_counts_uniqueness_and_norms) ... ok
test_exact_rank_witness_and_rejections (test_quadratic_affine.QuadraticAffine.test_exact_rank_witness_and_rejections) ... ok
test_packed_phase_inner_product_against_integer_components (test_quadratic_affine.QuadraticAffine.test_packed_phase_inner_product_against_integer_components) ... ok
test_realification_has_exact_orthogonality (test_quadratic_affine.QuadraticAffine.test_realification_has_exact_orthogonality) ... ok
test_exact_old_network_fails_new_saving (test_rank_pair.RankPairControls.test_exact_old_network_fails_new_saving) ... ok
test_nonnested_frame_is_rejected (test_rank_pair.RankPairControls.test_nonnested_frame_is_rejected) ... ok
test_omitted_literal_xor_is_rejected (test_rank_pair.RankPairControls.test_omitted_literal_xor_is_rejected) ... ok
test_omitted_paid_transition_is_rejected (test_rank_pair.RankPairControls.test_omitted_paid_transition_is_rejected) ... ok
test_optimized_python_cannot_disable_checks (test_rank_pair.RankPairControls.test_optimized_python_cannot_disable_checks) ... ok
test_understated_width_is_rejected (test_rank_pair.RankPairControls.test_understated_width_is_rejected) ... ok
test_binary_factorization_all_three_by_three_matrices (test_rank_product_core.RankProductCore.test_binary_factorization_all_three_by_three_matrices) ... ok
test_dimension_thresholds_and_retained_density (test_rank_product_core.RankProductCore.test_dimension_thresholds_and_retained_density) ... ok
test_expanded_controls_check_all_inputs_endpoints_and_edge_ranks (test_rank_product_core.RankProductCore.test_expanded_controls_check_all_inputs_endpoints_and_edge_ranks) ... ok
test_expansion_budget_is_a_failure_not_a_partial_certificate (test_rank_product_core.RankProductCore.test_expansion_budget_is_a_failure_not_a_partial_certificate) ... ok
test_fitting_matrix_requires_both_zero_directions (test_rank_product_core.RankProductCore.test_fitting_matrix_requires_both_zero_directions) ... ok
test_fixed_graph_binary_rank_identity_minors (test_rank_product_core.RankProductCore.test_fixed_graph_binary_rank_identity_minors) ... ok
test_induced_side_edge_count_matches_explicit_small_graphs (test_rank_product_core.RankProductCore.test_induced_side_edge_count_matches_explicit_small_graphs) ... ok
test_invalid_core_hypotheses_and_float_entries_are_rejected (test_rank_product_core.RankProductCore.test_invalid_core_hypotheses_and_float_entries_are_rejected) ... ok
test_nonsymmetric_fitting_matrix_needs_no_common_form (test_rank_product_core.RankProductCore.test_nonsymmetric_fitting_matrix_needs_no_common_form) ... ok
test_positive_core_and_exact_zero_boundary (test_rank_product_core.RankProductCore.test_positive_core_and_exact_zero_boundary) ... ok
test_wrong_endpoint_and_wrong_scalar_completion_fail (test_rank_product_core.RankProductCore.test_wrong_endpoint_and_wrong_scalar_completion_fail) ... ok
test_combined_patch_switches_only_bit_interface (test_reuse_network.StageReuse.test_combined_patch_switches_only_bit_interface) ... ok
test_counts_and_downstream_margins (test_reuse_network.StageReuse.test_counts_and_downstream_margins) ... ok
test_full_scalar_network_restores_shared_dirty_scratch (test_reuse_network.StageReuse.test_full_scalar_network_restores_shared_dirty_scratch) ... ok
test_matching_all_h46_roles_and_small_even_sizes (test_reuse_network.StageReuse.test_matching_all_h46_roles_and_small_even_sizes) ... ok
test_nesting_orthogonality_in_rational_form (test_reuse_network.StageReuse.test_nesting_orthogonality_in_rational_form) ... ok
test_bad_joins_cannot_improve_best_zero_join_ratio (test_scratch_pooling.ScratchPooling.test_bad_joins_cannot_improve_best_zero_join_ratio) ... ok
test_only_tiny_central_role_gain_remains_at_h46 (test_scratch_pooling.ScratchPooling.test_only_tiny_central_role_gain_remains_at_h46) ... ok
test_budget_is_hypothetical_and_counts_all_auxiliary_banks (test_shared_core.SharedCore.test_budget_is_hypothetical_and_counts_all_auxiliary_banks) ... ok
test_expanded_all_role_contract_and_rank_savings (test_shared_core.SharedCore.test_expanded_all_role_contract_and_rank_savings) ... ok
test_invalid_matching_and_expansion_budget (test_shared_core.SharedCore.test_invalid_matching_and_expansion_budget) ... ok
test_matching_need_not_preserve_central_map_or_be_an_involution (test_shared_core.SharedCore.test_matching_need_not_preserve_central_map_or_be_an_involution) ... ok
test_oblique_projectors_and_asymmetric_binary_factor (test_shared_core.SharedCore.test_oblique_projectors_and_asymmetric_binary_factor) ... ok
test_entire_shared_three_stage_network (test_shared_point_network.CrossGroupSharing.test_entire_shared_three_stage_network) ... ok
test_every_dirty_input_basis_vector_both_directions (test_shared_point_network.CrossGroupSharing.test_every_dirty_input_basis_vector_both_directions) ... ok
test_every_support_and_both_frame_directions (test_shared_point_network.CrossGroupSharing.test_every_support_and_both_frame_directions) ... ok
test_full_size_certificate_and_scope_of_ceiling (test_shared_point_network.CrossGroupSharing.test_full_size_certificate_and_scope_of_ceiling) ... ok
test_patch_wires_the_new_interface_into_both_recurrences (test_shared_point_network.CrossGroupSharing.test_patch_wires_the_new_interface_into_both_recurrences) ... ok
test_singular_ambient_form_is_rejected (test_shared_point_network.CrossGroupSharing.test_singular_ambient_form_is_rejected) ... ok
test_conditional_targets_do_not_certify_the_missing_gatherer (test_short_guards.ShortGuards.test_conditional_targets_do_not_certify_the_missing_gatherer) ... ok
test_exhaustive_small_modular_rotations_and_exceptional_repair (test_short_guards.ShortGuards.test_exhaustive_small_modular_rotations_and_exceptional_repair) ... ok
test_gather_is_exact_bit_permutation_including_boundary_offsets (test_short_guards.ShortGuards.test_gather_is_exact_bit_permutation_including_boundary_offsets) ... ok
test_logarithmic_guards_make_repair_negligible (test_short_guards.ShortGuards.test_logarithmic_guards_make_repair_negligible) ... ok
test_real_guard_boundaries_and_dirty_auxiliary_values (test_short_guards.ShortGuards.test_real_guard_boundaries_and_dirty_auxiliary_values) ... ok
test_restricted_transpose_stream_bound_and_its_scope (test_short_guards.ShortGuards.test_restricted_transpose_stream_bound_and_its_scope) ... ok
test_whole_reduction_preserves_spectators_and_restores_dirty_scratch (test_short_guards.ShortGuards.test_whole_reduction_preserves_spectators_and_restores_dirty_scratch) ... ok
test_all_small_orthogonality_degrees (test_signed_sparse_core.SignedSparseCore.test_all_small_orthogonality_degrees) ... ok
test_complete_small_factors_and_rational_contract (test_signed_sparse_core.SignedSparseCore.test_complete_small_factors_and_rational_contract) ... ok
test_invalid_and_expansion_limits (test_signed_sparse_core.SignedSparseCore.test_invalid_and_expansion_limits) ... ok
test_large_counts_and_actual_vs_hypothetical (test_signed_sparse_core.SignedSparseCore.test_large_counts_and_actual_vs_hypothetical) ... ok
test_redundant_factor_all_role_completion (test_signed_sparse_core.SignedSparseCore.test_redundant_factor_all_role_completion) ... ok
test_slice_bound_in_characteristic_two (test_signed_sparse_core.SignedSparseCore.test_slice_bound_in_characteristic_two) ... ok
test_binomial_expansion_and_feature_factor (test_single_intersection.SingleIntersection.test_binomial_expansion_and_feature_factor) ... ok
test_exact_minor_witness_and_corruption (test_single_intersection.SingleIntersection.test_exact_minor_witness_and_corruption) ... ok
test_feature_orbit_matches_full_matrix (test_single_intersection.SingleIntersection.test_feature_orbit_matches_full_matrix) ... ok
test_fitting_rank_and_degenerate_ambient_form (test_single_intersection.SingleIntersection.test_fitting_rank_and_degenerate_ambient_form) ... ok
test_identity_minor_bounds_against_explicit_binary_rank (test_single_intersection.SingleIntersection.test_identity_minor_bounds_against_explicit_binary_rank) ... ok
test_invalid_parameters (test_single_intersection.SingleIntersection.test_invalid_parameters) ... ok
test_odd_inclusion_cover (test_single_intersection.SingleIntersection.test_odd_inclusion_cover) ... ok
test_small_spectra_match_exact_rational_matrices (test_single_intersection.SingleIntersection.test_small_spectra_match_exact_rational_matrices) ... ok
test_all_strict_constraints_and_dyadic_bracket (test_skip_strips.SkipStripTests.test_all_strict_constraints_and_dyadic_bracket) ... ok
test_assembly_boundary_rejected (test_skip_strips.SkipStripTests.test_assembly_boundary_rejected) ... ok
test_balanced_transfer_negative_controls (test_skip_strips.SkipStripTests.test_balanced_transfer_negative_controls) ... ok
test_corrupted_pair_coverage_rejected (test_skip_strips.SkipStripTests.test_corrupted_pair_coverage_rejected) ... ok
test_deterministic_prime_and_minor_gaps (test_skip_strips.SkipStripTests.test_deterministic_prime_and_minor_gaps) ... ok
test_exact_recovery_explains_primary_modular_failures (test_skip_strips.SkipStripTests.test_exact_recovery_explains_primary_modular_failures) ... ok
test_float_saving_rejected (test_skip_strips.SkipStripTests.test_float_saving_rejected) ... ok
test_frozen_certificate (test_skip_strips.SkipStripTests.test_frozen_certificate) ... ok
test_independent_cost_rows (test_skip_strips.SkipStripTests.test_independent_cost_rows) ... ok
test_mass_corruption_rejected (test_skip_strips.SkipStripTests.test_mass_corruption_rejected) ... ok
test_mismatched_source_hash_rejected (test_skip_strips.SkipStripTests.test_mismatched_source_hash_rejected) ... ok
test_omitted_paid_copy_detected (test_skip_strips.SkipStripTests.test_omitted_paid_copy_detected) ... ok
test_pinned_links_use_distinct_donors_and_uses (test_skip_strips.SkipStripTests.test_pinned_links_use_distinct_donors_and_uses) ... ok
test_real_lower_bound_exclusions (test_skip_strips.SkipStripTests.test_real_lower_bound_exclusions) ... ok
test_recovery_and_every_pair_charged (test_skip_strips.SkipStripTests.test_recovery_and_every_pair_charged) ... ok
test_restriction_tree_mutation_rejected (test_skip_strips.SkipStripTests.test_restriction_tree_mutation_rejected) ... ok
test_skip_layout_is_exact_leave_one_out (test_skip_strips.SkipStripTests.test_skip_layout_is_exact_leave_one_out) ... ok
test_skip_layout_nests_prefix_consumers (test_skip_strips.SkipStripTests.test_skip_layout_nests_prefix_consumers) ... ok
test_skip_strips_reduce_physical_roles (test_skip_strips.SkipStripTests.test_skip_strips_reduce_physical_roles) ... ok
test_zero_recovered_pivot_rejected (test_skip_strips.SkipStripTests.test_zero_recovered_pivot_rejected) ... ok
test_color_classes_are_disjoint_affine_planes (test_small_block_witness.SmallBlockWitness.test_color_classes_are_disjoint_affine_planes) ... ok
test_explicit_rational_gram_for_all_three_signature_types (test_small_block_witness.SmallBlockWitness.test_explicit_rational_gram_for_all_three_signature_types) ... ok
test_target_scope_and_negative_deficit (test_small_block_witness.SmallBlockWitness.test_target_scope_and_negative_deficit) ... ok
test_bounded_controls_and_central_frame_obstruction (test_sparse_fusion.SparseFusion.test_bounded_controls_and_central_frame_obstruction) ... ok
test_collective_symmetry_as_full_operators (test_sparse_fusion.SparseFusion.test_collective_symmetry_as_full_operators) ... ok
test_every_phase_signature_and_rank_lower_bound (test_sparse_fusion.SparseFusion.test_every_phase_signature_and_rank_lower_bound) ... ok
test_mixing_criterion_against_fourier_blocks (test_sparse_fusion.SparseFusion.test_mixing_criterion_against_fourier_blocks) ... ok
test_six_to_one_as_full_operators (test_sparse_fusion.SparseFusion.test_six_to_one_as_full_operators) ... ok
test_targets_require_a_substantial_new_primitive (test_sparse_fusion.SparseFusion.test_targets_require_a_substantial_new_primitive) ... ok
test_affected_edge_accounting_matches_full_recomputation (test_stage_pair.StagePair.test_affected_edge_accounting_matches_full_recomputation) ... ok
test_block_overlap_including_dependent_labels (test_stage_pair.StagePair.test_block_overlap_including_dependent_labels) ... ok
test_boundary_only_general_frame_change_cannot_help (test_stage_pair.StagePair.test_boundary_only_general_frame_change_cannot_help) ... ok
test_cross_factor_direction_is_not_a_product (test_stage_pair.StagePair.test_cross_factor_direction_is_not_a_product) ... ok
test_full_rational_score_and_only_central_excess (test_stage_pair.StagePair.test_full_rational_score_and_only_central_excess) ... ok
test_modular_rank_is_only_a_lower_bound (test_stage_pair.StagePair.test_modular_rank_is_only_a_lower_bound) ... ok
test_tiny_winners_have_unfavorable_scaling (test_stage_pair.StagePair.test_tiny_winners_have_unfavorable_scaling) ... ok
test_true_physical_join_and_arbitrary_scratch (test_stage_pair.StagePair.test_true_physical_join_and_arbitrary_scratch) ... ok
test_balanced_graph_and_exhaustive_negative (test_stronger_screens.StrongerScreens.test_balanced_graph_and_exhaustive_negative) ... ok
test_fractional_certificate_rejects_errors_and_floats (test_stronger_screens.StrongerScreens.test_fractional_certificate_rejects_errors_and_floats) ... ok
test_fractional_fano_witness_uses_shared_undirected_capacities (test_stronger_screens.StrongerScreens.test_fractional_fano_witness_uses_shared_undirected_capacities) ... ok
test_meet_in_middle_matches_9294_dense_complete_assignments (test_stronger_screens.StrongerScreens.test_meet_in_middle_matches_9294_dense_complete_assignments) ... ok
test_search_budget_and_invalid_prescriptions_do_not_close_a_model (test_stronger_screens.StrongerScreens.test_search_budget_and_invalid_prescriptions_do_not_close_a_model) ... ok
test_signed_lift_and_exact_edge_discrepancy (test_stronger_screens.StrongerScreens.test_signed_lift_and_exact_edge_discrepancy) ... ok
test_six_local_operations_and_inverses (test_stronger_screens.StrongerScreens.test_six_local_operations_and_inverses) ... ok
test_wrong_characteristic_zero_action_is_not_a_certificate (test_stronger_screens.StrongerScreens.test_wrong_characteristic_zero_action_is_not_a_certificate) ... ok
test_binary_support_for_four_sizes (test_subset_core_family.SubsetCoreFamily.test_binary_support_for_four_sizes) ... ok
test_budget_brackets_direct_rank_saving (test_subset_core_family.SubsetCoreFamily.test_budget_brackets_direct_rank_saving) ... ok
test_complex_companion_support_and_guard_charge (test_subset_core_family.SubsetCoreFamily.test_complex_companion_support_and_guard_charge) ... ok
test_disjoint_rectangle_partitions (test_subset_core_family.SubsetCoreFamily.test_disjoint_rectangle_partitions) ... ok
test_existing_triple_counts_recovered (test_subset_core_family.SubsetCoreFamily.test_existing_triple_counts_recovered) ... ok
test_explicit_factor_and_rational_projectors (test_subset_core_family.SubsetCoreFamily.test_explicit_factor_and_rational_projectors) ... ok
test_hypothetical_targets_need_both_interfaces (test_subset_core_family.SubsetCoreFamily.test_hypothetical_targets_need_both_interfaces) ... ok
test_invalid_and_oversized_inputs (test_subset_core_family.SubsetCoreFamily.test_invalid_and_oversized_inputs) ... ok
test_redundant_center_is_charged_by_complete_compiler (test_subset_core_family.SubsetCoreFamily.test_redundant_center_is_charged_by_complete_compiler) ... ok
test_seven_subset_positive_boundary (test_subset_core_family.SubsetCoreFamily.test_seven_subset_positive_boundary) ... ok
test_all_pinned_inputs_and_internal_references (test_ternary_patch.TernaryPatch.test_all_pinned_inputs_and_internal_references) ... ok
test_assembly_parameters_and_every_derived_power (test_ternary_patch.TernaryPatch.test_assembly_parameters_and_every_derived_power) ... ok
test_interface_and_retained_precision (test_ternary_patch.TernaryPatch.test_interface_and_retained_precision) ... ok
test_complete_rational_frame_edges (test_ternary_side.TernarySideTest.test_complete_rational_frame_edges) ... ok
test_exact_assembly_and_guard_reuse (test_ternary_side.TernarySideTest.test_exact_assembly_and_guard_reuse) ... ok
test_global_signature_and_arbitrary_input_controls (test_ternary_side.TernarySideTest.test_global_signature_and_arbitrary_input_controls) ... ok
test_packed_field_arithmetic_exhaustive (test_ternary_side.TernarySideTest.test_packed_field_arithmetic_exhaustive) ... ok
test_resource_limits (test_ternary_side.TernarySideTest.test_resource_limits) ... ok
test_combined_patch_includes_stopping_proof_and_setup (test_tune_routing.TunedRouting.test_combined_patch_includes_stopping_proof_and_setup) ... ok
test_transfer_recipe_and_precision (test_tune_routing.TunedRouting.test_transfer_recipe_and_precision) ... ok
test_witness_requires_both_extensions (test_tune_routing.TunedRouting.test_witness_requires_both_extensions) ... ok

----------------------------------------------------------------------
Ran 467 tests in 159.944s

OK
git apply --check --directory=upstream patches/frozen-154.patch
git apply --check --directory=upstream patches/balanced-153.patch
git apply --check --directory=upstream patches/same-network-129.patch
git apply --check --directory=upstream patches/h46-111.patch
git apply --check --directory=upstream patches/h46-109.patch
git apply --check --directory=upstream patches/h46-108.patch
git apply --check --directory=upstream patches/h46-rational.patch
git apply --check --directory=upstream patches/nonadjacent-layout.patch
git apply --check --directory=upstream patches/frozen-nonadjacent-107.patch
git apply --check --directory=upstream patches/h46-nonadjacent-78.patch
git apply --check --directory=upstream patches/h46-nonadjacent-76.patch
git apply --check --directory=upstream patches/h46-shared-side-75.patch
git apply --check --directory=upstream patches/h46-incidence-67.patch
git apply --check --directory=upstream patches/h46-dag-63.patch
git apply --check --directory=upstream patches/h46-shared-point.patch
git apply --check --directory=upstream patches/h50-paired-59.patch
git apply --check --directory=upstream patches/compact-control-34.patch
git apply --check --directory=upstream patches/complex-compression-31.patch
git apply --check --directory=upstream patches/ternary-30.patch
git apply --check --directory=upstream patches/batched-23.patch
/Applications/Xcode.app/Contents/Developer/usr/bin/make verify-skip-strips
python3 research/skip-strips/producer.py
Rebuilding scalar graph, original labels and fixed profiles, h=23
profiles 10000 of 158626
profiles 20000 of 158626
profiles 30000 of 158626
profiles 40000 of 158626
profiles 50000 of 158626
profiles 60000 of 158626
CRT matrices 5642 differing modular profiles 0
RANKONE h 23 longest 21 output /var/folders/4y/j74qpf6s40540trhptstlxt40000gn/T/copied-fixed-f6fhoarv/h23.bin.round3_rankone_certified_profiles.json
PASS complete physical timeline and every dirty basis vector, both orientations h=23
PASS complete h=23 supports, all matching uses, rank count and CRT profiles
Rebuilding scalar graph, original labels and fixed profiles, h=25
profiles 10000 of 211184
profiles 20000 of 211184
profiles 30000 of 211184
profiles 40000 of 211184
profiles 50000 of 211184
profiles 60000 of 211184
profiles 70000 of 211184
profiles 80000 of 211184
CRT matrices 7434 differing modular profiles 0
RANKONE h 25 longest 23 output /var/folders/4y/j74qpf6s40540trhptstlxt40000gn/T/copied-fixed-f6fhoarv/h25.bin.round3_rankone_certified_profiles.json
PASS complete physical timeline and every dirty basis vector, both orientations h=25
PASS complete h=25 supports, all matching uses, rank count and CRT profiles
Checking all 4,073,300 actual fixed-basis data pairs
checked first triples 250 of 1771
checked first triples 500 of 1771
checked first triples 750 of 1771
checked first triples 1000 of 1771
checked first triples 1250 of 1771
checked first triples 1500 of 1771
checked first triples 1750 of 1771
PASS all data pairs; ten primary-prime failures recovered over Q
python3 research/skip-strips/audit.py
PASS independent exact projector audit: 90 envelopes
python3 research/skip-strips/verify.py --output research/skip-strips/certificate.json
PASS conditional kappa=140567/3125000000; bit saving=4498347/100000000000
47 strict inequalities; seven margins; all-exact enclosures; inherited balanced assembly
cd research/skip-strips && python3 -m unittest discover -s ../../tests -p 'test_skip_strips.py' -v
test_all_strict_constraints_and_dyadic_bracket (test_skip_strips.SkipStripTests.test_all_strict_constraints_and_dyadic_bracket) ... ok
test_assembly_boundary_rejected (test_skip_strips.SkipStripTests.test_assembly_boundary_rejected) ... ok
test_balanced_transfer_negative_controls (test_skip_strips.SkipStripTests.test_balanced_transfer_negative_controls) ... ok
test_corrupted_pair_coverage_rejected (test_skip_strips.SkipStripTests.test_corrupted_pair_coverage_rejected) ... ok
test_deterministic_prime_and_minor_gaps (test_skip_strips.SkipStripTests.test_deterministic_prime_and_minor_gaps) ... ok
test_exact_recovery_explains_primary_modular_failures (test_skip_strips.SkipStripTests.test_exact_recovery_explains_primary_modular_failures) ... ok
test_float_saving_rejected (test_skip_strips.SkipStripTests.test_float_saving_rejected) ... ok
test_frozen_certificate (test_skip_strips.SkipStripTests.test_frozen_certificate) ... ok
test_independent_cost_rows (test_skip_strips.SkipStripTests.test_independent_cost_rows) ... ok
test_mass_corruption_rejected (test_skip_strips.SkipStripTests.test_mass_corruption_rejected) ... ok
test_mismatched_source_hash_rejected (test_skip_strips.SkipStripTests.test_mismatched_source_hash_rejected) ... ok
test_omitted_paid_copy_detected (test_skip_strips.SkipStripTests.test_omitted_paid_copy_detected) ... ok
test_pinned_links_use_distinct_donors_and_uses (test_skip_strips.SkipStripTests.test_pinned_links_use_distinct_donors_and_uses) ... ok
test_real_lower_bound_exclusions (test_skip_strips.SkipStripTests.test_real_lower_bound_exclusions) ... ok
test_recovery_and_every_pair_charged (test_skip_strips.SkipStripTests.test_recovery_and_every_pair_charged) ... ok
test_restriction_tree_mutation_rejected (test_skip_strips.SkipStripTests.test_restriction_tree_mutation_rejected) ... ok
test_skip_layout_is_exact_leave_one_out (test_skip_strips.SkipStripTests.test_skip_layout_is_exact_leave_one_out) ... ok
test_skip_layout_nests_prefix_consumers (test_skip_strips.SkipStripTests.test_skip_layout_nests_prefix_consumers) ... ok
test_skip_strips_reduce_physical_roles (test_skip_strips.SkipStripTests.test_skip_strips_reduce_physical_roles) ... ok
test_zero_recovered_pivot_rejected (test_skip_strips.SkipStripTests.test_zero_recovered_pivot_rejected) ... ok

----------------------------------------------------------------------
Ran 20 tests in 1.244s

OK
/Applications/Xcode.app/Contents/Developer/usr/bin/make verify-pair-assembly
python3 research/pair-assembly/producer.py
Rebuilding scalar graph, original labels and fixed profiles, h=23
profiles 10000 of 252828
profiles 20000 of 252828
profiles 30000 of 252828
CRT matrices 6026 differing modular profiles 0
RANKONE h 23 longest 21 output /var/folders/4y/j74qpf6s40540trhptstlxt40000gn/T/pair-assembly-la010xvt/h23.bin.round3_rankone_certified_profiles.json
PASS complete physical timeline and every dirty basis vector, both orientations h=23
PASS complete h=23 supports, all matching uses, rank count and CRT profiles
Rebuilding scalar graph, original labels and fixed profiles, h=25
profiles 10000 of 355823
profiles 20000 of 355823
profiles 30000 of 355823
profiles 40000 of 355823
profiles 50000 of 355823
CRT matrices 7981 differing modular profiles 0
RANKONE h 25 longest 23 output /var/folders/4y/j74qpf6s40540trhptstlxt40000gn/T/pair-assembly-la010xvt/h25.bin.round3_rankone_certified_profiles.json
PASS complete physical timeline and every dirty basis vector, both orientations h=25
PASS complete h=25 supports, all matching uses, rank count and CRT profiles
Checking all 4,073,300 actual fixed-basis data pairs
checked first triples 250 of 1771
checked first triples 500 of 1771
checked first triples 750 of 1771
checked first triples 1000 of 1771
checked first triples 1250 of 1771
checked first triples 1500 of 1771
checked first triples 1750 of 1771
PASS all data pairs; ten primary-prime failures recovered over Q
python3 research/pair-assembly/audit.py
PASS independent exact projector audit: 90 envelopes
python3 research/pair-assembly/verify.py --output research/pair-assembly/certificate.json
PASS conditional kappa=4986133/100000000000; bit saving=2493191/50000000000
47 strict inequalities; seven margins; all-exact enclosures; inherited balanced assembly
python3 research/pair-assembly/frame/frame_verify.py
PASS h=23: full dirty basis, exact frame path, every fixed-basis profile
PASS h=25: full dirty basis, exact frame path, every fixed-basis profile
PASS conditional stacked kappa=5101691/100000000000; bit saving=39859/781250000
47 strict inequalities, seven margins, next grid values rejected, PR #53 and #57 excluded
cd research/pair-assembly && python3 -m unittest discover -s ../../tests -p 'test_pair_assembly.py' -v
test_all_strict_constraints_and_dyadic_bracket (test_pair_assembly.PairAssemblyTests.test_all_strict_constraints_and_dyadic_bracket) ... ok
test_assembly_boundary_rejected (test_pair_assembly.PairAssemblyTests.test_assembly_boundary_rejected) ... ok
test_balanced_transfer_negative_controls (test_pair_assembly.PairAssemblyTests.test_balanced_transfer_negative_controls) ... ok
test_corrupted_pair_coverage_rejected (test_pair_assembly.PairAssemblyTests.test_corrupted_pair_coverage_rejected) ... ok
test_deterministic_prime_and_minor_gaps (test_pair_assembly.PairAssemblyTests.test_deterministic_prime_and_minor_gaps) ... ok
test_every_short_interval_has_a_containing_consumer (test_pair_assembly.PairAssemblyTests.test_every_short_interval_has_a_containing_consumer) ... ok
test_exact_recovery_explains_primary_modular_failures (test_pair_assembly.PairAssemblyTests.test_exact_recovery_explains_primary_modular_failures) ... ok
test_float_saving_rejected (test_pair_assembly.PairAssemblyTests.test_float_saving_rejected) ... ok
test_frozen_certificate (test_pair_assembly.PairAssemblyTests.test_frozen_certificate) ... ok
test_independent_cost_rows (test_pair_assembly.PairAssemblyTests.test_independent_cost_rows) ... ok
test_interval_layout_is_exact_leave_one_out (test_pair_assembly.PairAssemblyTests.test_interval_layout_is_exact_leave_one_out) ... ok
test_mass_corruption_rejected (test_pair_assembly.PairAssemblyTests.test_mass_corruption_rejected) ... ok
test_mismatched_source_hash_rejected (test_pair_assembly.PairAssemblyTests.test_mismatched_source_hash_rejected) ... ok
test_omitted_paid_copy_detected (test_pair_assembly.PairAssemblyTests.test_omitted_paid_copy_detected) ... ok
test_pair_assembly_outputs_and_nesting (test_pair_assembly.PairAssemblyTests.test_pair_assembly_outputs_and_nesting) ... ok
test_pair_assembly_reduces_physical_roles (test_pair_assembly.PairAssemblyTests.test_pair_assembly_reduces_physical_roles) ... ok
test_pinned_links_use_distinct_donors_and_uses (test_pair_assembly.PairAssemblyTests.test_pinned_links_use_distinct_donors_and_uses) ... ok
test_real_lower_bound_exclusions (test_pair_assembly.PairAssemblyTests.test_real_lower_bound_exclusions) ... ok
test_recovery_and_every_pair_charged (test_pair_assembly.PairAssemblyTests.test_recovery_and_every_pair_charged) ... ok
test_restriction_tree_mutation_rejected (test_pair_assembly.PairAssemblyTests.test_restriction_tree_mutation_rejected) ... ok
test_stacked_frame_certificate (test_pair_assembly.PairAssemblyTests.test_stacked_frame_certificate) ... ok
test_zero_recovered_pivot_rejected (test_pair_assembly.PairAssemblyTests.test_zero_recovered_pivot_rejected) ... ok

----------------------------------------------------------------------
Ran 22 tests in 1.198s

OK
/Applications/Xcode.app/Contents/Developer/usr/bin/make verify-rank-pair
python3 research/rank-pair/frame_compile.py
built 23 52473 regions
built 25 73695 regions
augment 100 36905
augment 100 53008
augment 200 37005
matched 37025 seconds 11.191522121429443
compile 23 0 8 reclaimed 0 seconds 11.195964813232422
compile 23 5000 17769 reclaimed 10 seconds 11.400688171386719
compile 23 10000 20366 reclaimed 55 seconds 13.07693099975586
compile 23 15000 21745 reclaimed 147 seconds 15.068052053451538
compile 23 20000 22224 reclaimed 285 seconds 16.04180598258972
compile 23 25000 22479 reclaimed 285 seconds 16.514487981796265
augment 200 53108
compile 23 30000 23187 reclaimed 387 seconds 18.033632040023804
compile 23 35000 23656 reclaimed 440 seconds 19.014835834503174
matched 53194 seconds 24.081439971923828
compile 25 0 8 reclaimed 0 seconds 24.087621927261353
compile 25 5000 21144 reclaimed 0 seconds 24.232056856155396
compile 25 10000 25155 reclaimed 1 seconds 25.5600368976593
compile 25 15000 27252 reclaimed 46 seconds 28.918527841567993
compile 25 20000 28387 reclaimed 267 seconds 31.732910871505737
compile 25 25000 28903 reclaimed 441 seconds 33.002065896987915
compile 23 40000 26344 reclaimed 665 seconds 33.31455206871033
compile 25 30000 29141 reclaimed 441 seconds 33.56594777107239
compile 25 35000 29384 reclaimed 441 seconds 34.17833971977234
compile 25 40000 29640 reclaimed 455 seconds 34.859601974487305
compile 25 45000 30798 reclaimed 602 seconds 37.931293964385986
compile 25 50000 31118 reclaimed 616 seconds 38.8811137676239
compile 23 45000 27918 reclaimed 801 seconds 49.07073092460632
compile 23 50000 27918 reclaimed 801 seconds 49.128233909606934
compile 25 55000 32943 reclaimed 763 seconds 51.848142862319946
h=23 roles=27918 replay roles=27918
compile 25 60000 36391 reclaimed 1060 seconds 90.39787077903748
compile 25 65000 36586 reclaimed 1090 seconds 93.56327676773071
compile 25 70000 36586 reclaimed 1090 seconds 93.62173175811768
h=25 roles=36586 replay roles=36586
PASS compiled and independently replayed both axes
python3 research/rank-pair/screen.py
profiles 10000 of 138003
profiles 20000 of 138003
profiles 30000 of 138003
CRT matrices 6049 differing modular profiles 0
RANKONE h 23 longest 21 output /private/tmp/integer-mult-bounds/research/rank-pair/word23.bin.profiles.json
PASS physical replay and fixed profiles h=23, roles=27918
profiles 10000 of 190879
profiles 20000 of 190879
profiles 30000 of 190879
profiles 40000 of 190879
profiles 50000 of 190879
CRT matrices 8127 differing modular profiles 0
RANKONE h 25 longest 23 output /private/tmp/integer-mult-bounds/research/rank-pair/word25.bin.profiles.json
PASS physical replay and fixed profiles h=25, roles=36586
EXACT SCREEN {"kappa": "5102757/100000000000", "bit": "2551509/50000000000", "W": 137151806, "comparison": {"pr62_kappa": "5101691/100000000000", "difference": "533/50000000000", "ratio": "5102757/5101691", "pr61_head": "afb7cb67d1858641315cfbf4ac768ee64a8eff3a", "pr61_kappa": "25508460085039/500000000000000000", "difference_pr61": "5324914961/500000000000000000", "ratio_pr61": "25513785000000/25508460085039", "pr62_network_at_new_bit_lower": "3428795166774725707029430980420227920340827739703568976514604805405819541248322714869086735630197255034188622548856339970727442809/3428795150000000000000000000000000000000000000000000000000000000000000000000000000000000000000000000000000000000000000000000000000"}}
python3 -m unittest discover -s tests -p 'test_rank_pair.py' -v
test_exact_old_network_fails_new_saving (test_rank_pair.RankPairControls.test_exact_old_network_fails_new_saving) ... ok
test_nonnested_frame_is_rejected (test_rank_pair.RankPairControls.test_nonnested_frame_is_rejected) ... ok
test_omitted_literal_xor_is_rejected (test_rank_pair.RankPairControls.test_omitted_literal_xor_is_rejected) ... ok
test_omitted_paid_transition_is_rejected (test_rank_pair.RankPairControls.test_omitted_paid_transition_is_rejected) ... ok
test_optimized_python_cannot_disable_checks (test_rank_pair.RankPairControls.test_optimized_python_cannot_disable_checks) ... ok
test_understated_width_is_rejected (test_rank_pair.RankPairControls.test_understated_width_is_rejected) ... ok

----------------------------------------------------------------------
Ran 6 tests in 4.239s

OK
python3 research/ordered-frames/producer.py
built 23 52473 regions
built 25 73695 regions
augment 100 36960
matched 37025 seconds 9.473203897476196
compile 23 0 8 reclaimed 0 seconds 9.477808952331543
compile 23 5000 17660 reclaimed 0 seconds 9.804183721542358
augment 100 53009
compile 23 10000 20285 reclaimed 55 seconds 11.515458822250366
compile 23 15000 21671 reclaimed 125 seconds 13.667328834533691
compile 23 20000 22189 reclaimed 285 seconds 14.956199884414673
compile 23 25000 22440 reclaimed 285 seconds 15.518558979034424
compile 23 30000 23046 reclaimed 363 seconds 17.045619010925293
compile 23 35000 23601 reclaimed 435 seconds 18.613631010055542
augment 200 53109
matched 53194 seconds 25.894099950790405
compile 25 0 8 reclaimed 0 seconds 25.900855779647827
compile 25 5000 20888 reclaimed 0 seconds 26.239698886871338
compile 25 10000 24873 reclaimed 0 seconds 27.461395978927612
compile 23 40000 25620 reclaimed 696 seconds 28.837584972381592
compile 25 15000 27113 reclaimed 7 seconds 30.785223960876465
compile 25 20000 28265 reclaimed 206 seconds 34.039040088653564
compile 25 25000 28860 reclaimed 441 seconds 35.802613735198975
compile 25 30000 29084 reclaimed 441 seconds 36.3392698764801
compile 25 35000 29342 reclaimed 441 seconds 36.9988579750061
compile 25 40000 29571 reclaimed 448 seconds 37.729706048965454
compile 25 45000 30565 reclaimed 567 seconds 40.862109899520874
compile 25 50000 31067 reclaimed 616 seconds 42.53855085372925
compile 23 45000 27698 reclaimed 1021 seconds 49.496795892715454
compile 23 50000 27698 reclaimed 1021 seconds 49.558337926864624
compile 25 55000 32433 reclaimed 766 seconds 51.85799980163574
PASS produced and independently replayed h=23, roles=27698
compile 25 60000 35870 reclaimed 1291 seconds 96.0607340335846
compile 25 65000 36310 reclaimed 1366 seconds 102.58651781082153
compile 25 70000 36310 reclaimed 1366 seconds 102.64725589752197
PASS produced and independently replayed h=25, roles=36310
python3 research/ordered-frames/graph_audit.py
PASS independent scalar graph audit h=23 and h=25
python3 research/ordered-frames/check.py
profiles 10000 of 137752
profiles 20000 of 137752
profiles 30000 of 137752
CRT matrices 6049 differing modular profiles 0
RANKONE h 23 longest 21 output /var/folders/4y/j74qpf6s40540trhptstlxt40000gn/T/ordered-frame-replay-q1i5ak9y/word-23.bin.profiles.json
PASS all dirty basis vectors, literal transitions and paid profiles h=23
profiles 10000 of 190523
profiles 20000 of 190523
profiles 30000 of 190523
profiles 40000 of 190523
profiles 50000 of 190523
CRT matrices 8127 differing modular profiles 0
RANKONE h 25 longest 23 output /var/folders/4y/j74qpf6s40540trhptstlxt40000gn/T/ordered-frame-replay-q1i5ak9y/word-25.bin.profiles.json
PASS all dirty basis vectors, literal transitions and paid profiles h=25
PASS conditional kappa=1026571615319/20000000000000000; bit saving=6416401940549/125000000000000000
47 strict assembly inequalities, seven margins; both next grid values rejected
python3 research/ordered-frames/independent_check.py
PASS independent exact moment, paid profile, 47 constraints and seven margins
PASS source/compiler equivalence and three failure controls
/Applications/Xcode.app/Contents/Developer/usr/bin/make rank-pair-refinement-verify
python3 research/rank-pair-refinement/refine.py
PASS kappa=51027584062253/1000000000000000000; bit=25515094004731/500000000000000000
47 strict inequalities; seven margins; both adjacent grid values rejected
Absolute gain over pinned PR63: 14062253/1000000000000000000
